,Name,Initial Distribution,Unpaid Bonus Factor,praisemaggedon,Final Distribution
0,zeptimusQ,0.0585461016730601,0.9778520091706716,0.01730372551660592,0.03874976111796209
2,Santigs67,0.0519049921360792,1.0,0.01769564857905382,0.03548450722870702
7,cranders71,0.0356778619340807,1.003177596222472,0.017751878205132816,0.027073389744185716
4,ygganderson,0.0363752863657615,0.9570747210743458,0.016936057928027576,0.027044456715649215
1,sembrestels,0.0320843147320231,0.7318459756497429,0.012950489199092629,0.022900078476216473
11,solsista,0.02627992016992,1.0023558335241067,0.017737336581207165,0.022179480047337836
13,akrtws ,0.0248958722580301,1.0018497259261872,0.017728380679011193,0.02145547630010102
9,iviangita,0.0226151734334292,0.8496247990469117,0.01503466186798337,0.018976527882015204
16,mateodaza,0.0202718342846655,0.9604274704887878,0.016995387003439173,0.01869913958967686
26,mzargham,0.0161366032112043,1.0320361234878481,0.018262548562129954,0.017157056979648616
21,Laurenluz,0.0131055228630829,0.8959575287219824,0.01585454957002172,0.014425055682413535
22,durgadasji,0.0187217371105282,1.0,0.008520127095705937,0.013824964303413513
20,metaverde,0.0180290387534551,1.0,0.008520127095705937,0.013464761157735502
41,wslyvh,0.0087531073858565,1.0080936485637877,0.01783887093976097,0.013114273891730647
24,divine_comedian,0.0109798307052586,0.8544530273985947,0.015120100500154178,0.012967160206808477
42,MerlinEgalite,0.0084823782885987,0.9960743173594199,0.01762618107861322,0.012871403627805669
27,Vyvy-vi#5040,0.0103561402848202,0.8806424999291939,0.015583540202526442,0.012865292245319196
8,JessicaZartler,0.0145463792205978,0.5804581973666214,0.010271584275430796,0.012494477646917638
6,JuankBell,0.0147113645410922,0.5357935676925801,0.009481214684805384,0.012200892610074529
40,kristoferkristofer ,0.0077616462555234,0.9518941884882743,0.016844385043932122,0.012121360873959586
57,simondlr,0.006085982870325,1.0,0.01769564857905382,0.011658622410514833
25,VitorMarthendal,0.0096417292321231,0.7422604660929203,0.013134780362105011,0.011318393774514417
19,naynaysoo,0.0098813403400996,0.7160181002769986,0.012670404678743488,0.011220091222648665
3,GriffGreen,0.0147017667176211,0.40566814974433885,0.007178561017590803,0.011090627981606557
5,liviade,0.0135641704163094,0.40192930401578864,0.007112399717487081,0.010467320480874688
14,markop,0.0101713344819623,0.6008209150108886,0.010631915770978247,0.010392413500689954
34,shawn_westrick,0.0103638099160521,1.0,0.008520127095705937,0.009478842162285943
35,Mount Manu#3530,0.0101731780132507,1.0,0.008520127095705937,0.009379713572829214
37,lkngtn,0.0097841102830502,1.0090102471653455,0.008596895546718403,0.009214247209610938
38,danlessa,0.0093577355602781,1.006719613383241,0.008577379055765158,0.008983164438111889
33,ddan#2489,0.0092985969964571,1.0,0.008520127095705937,0.008924931444096541
36,Nuggan#5183,0.0088784438095253,1.0,0.008520127095705937,0.008706451786892007
32,xgabi,0.008969144791434,0.9447058915494494,0.008049014264063499,0.008527482138296159
44,sgonzt,0.007670971289034,0.9856936162824327,0.008398234888152325,0.008020057816610797
43,üêô octopus#5508,0.0074357611511507,1.0,0.008520127095705937,0.007956256804537215
47,Sponnet2,0.0070814558898867,1.0,0.008520127095705937,0.007772018068679934
46,danibelle,0.0069897991460977,0.9916101669526594,0.008448644651830841,0.007690044988849608
51,trentmc0,0.0066790791348796,1.0031198841315663,0.008546708905030757,0.0075755414245521555
23,jeffemmett,0.0084364723750394,0.743655100910515,0.006336035975127612,0.007428262903081741
10,Tam2140,0.0092559716794145,0.305155724649284,0.0053999284652802414,0.007405070936630056
45,heater03,0.006006403817385,0.973990871585226,0.008298526015963526,0.007106622472702693
54,ManuAlzuru,0.0057572934965108,1.0,0.008520127095705937,0.007083453624124466
53,geleeroyale,0.0056289607371149,0.955604362077868,0.00814187061811443,0.006835157479994674
60,BenjaminScholtz,0.0052487954841738,1.0,0.008520127095705937,0.0068190346577092255
59,rdfbbx#6437,0.0049436317412612,1.0,0.008520127095705937,0.006660349511394674
58,AnnaMarieSwan#8824,0.0048091866145029,1.0,0.008520127095705937,0.006590438045480358
66,fvigevani,0.0043567821881479,1.0,0.008520127095705937,0.006355187743775758
31,knobsDAO,0.0055271033092287,0.8473717430055271,0.007219714947716959,0.006339556895703065
67,randomshinichi,0.0042662003350148,1.0,0.008520127095705937,0.006308085180146546
12,paulo_c2d,0.0086395674216174,0.4326581867161525,0.0036863027398192894,0.006262000374354307
70,sherminv,0.0041176541597124,1.0,0.008520127095705937,0.006230841168989297
30,Tonga2020,0.0103365791572727,1.0,0.0017082433041068097,0.006194977947753073
18,vegayp,0.0076502639594984,0.5344044010932036,0.004553193417818708,0.0061636700994921485
52,fiorebotta,0.004582748686014,0.9185221973678507,0.007825925861801182,0.006139473730391847
71,HBesso31,0.0039021909702837,1.0,0.008520127095705937,0.006118800310486373
72,vntrp,0.0038596759151023,1.0,0.008520127095705937,0.006096692481792046
15,freedumbs00,0.007735178785877,0.49800298749981786,0.004243048747539703,0.006058956367475098
55,atacas,0.0043914017916161,0.9071465245021426,0.007729003683186174,0.005993450699569736
61,aminlatifi,0.0041370899027082,0.9393276595708066,0.008003191044055271,0.005992818450554794
63,Letty#5399,0.0035847255729179,1.0,0.008520127095705937,0.0059537183038561575
73,rosamoc,0.0035829373450104,1.0,0.008520127095705937,0.005952788425344258
75,tylerdmace,0.003436643457966,1.0,0.008520127095705937,0.00587671560408117
39,fabiosmendes,0.0050152980324515,0.7742346015972497,0.006596577207501818,0.0057743120364756526
77,T Wells#9070,0.0029171259210821,1.0,0.008520127095705937,0.005606566484901542
69,rubenrussel7,0.0032609300740433,0.9432643621184157,0.008036732250098889,0.005553315118549983
76,jwaup,0.0027787818216562,1.0,0.008520127095705937,0.005534627553200074
79,daithic,0.0026329779085196,1.0,0.008520127095705937,0.005458809518369042
88,fabianvb,0.0021629114609832,1.0,0.008520127095705937,0.005214374965650114
29,Krisjones,0.0048202333676143,0.6270861142366018,0.005342853393248219,0.0050710909799185815
95,abchewey,0.0016453104449674,1.0,0.008520127095705937,0.004945222437321897
96,KZ Flyer#0926,0.0016304512098093,1.0,0.008520127095705937,0.004937495635039686
100,pacobacpac,0.0014422675096465,1.0,0.008520127095705937,0.00483964011095503
28,fabimol,0.0046062603625516,0.5758656432038077,0.004906448470146889,0.004750350654197339
118,decentralizesdgs,0.0011123564590244,1.0,0.008520127095705937,0.004668086364631538
136,chriscyber,0.0008815960664849,1.0,0.008520127095705937,0.004548090960510997
17,chuygarcia92,0.0059432150489108,0.35043995766935754,0.002985792978756735,0.004523652455236849
149,josiprajevic,0.0006890046493416,1.0,0.008520127095705937,0.004447943423596482
159,Typto,0.0006092691425198,1.0,0.008520127095705937,0.004406480960049146
50,BlairV,0.0067512315656499,1.0,0.0017082433041068097,0.004330597200109217
111,Gfriis,0.0011034533889732,0.9120082629870091,0.007770426312983322,0.004303600392498059
114,katalenacaban,0.0010558619641571,0.8336443497924858,0.007102755812849117,0.003958371011529268
56,TannrA,0.0059844619680194,1.0,0.0017082433041068097,0.003931877009341356
48,JonathanBSci,0.00567434875939,1.0726546012099085,0.0018323550401361864,0.0038301917741481693
49,Suga#8514,0.0016230926849909,0.33047136607082617,0.00584790515942919,0.0036510026727212793
62,owocki,0.0051658629240332,1.0,0.0017082433041068097,0.003506205506468533
64,niranb,0.0046872390105351,1.0,0.0017082433041068097,0.003257321071449521
68,loie_giveth,0.0042086801762169,1.0,0.0017082433041068097,0.0030084704776040566
74,willjgriff,0.0034993565461498,1.0,0.0017082433041068097,0.002639622189969165
78,maghaali#6154,0.0028879462518462,1.0,0.0017082433041068097,0.0023216888369312926
80,quartagiulio,0.0027082075642425,1.0,0.0017082433041068097,0.002228224719377369
83,rodrigouy,0.0025764023393193,1.0,0.0017082433041068097,0.0021596860024173047
84,elihanover,0.002550709359405,1.0,0.0017082433041068097,0.002146325652861869
65,vivszaid,0.0027001854430395,0.8406136145672123,0.0014359725784254631,0.002093363268024762
85,phil_h,0.0024049662436817,1.0,0.0017082433041068097,0.0020705392326857528
86,GraceRachmany,0.0023799416960201,1.0,0.0017082433041068097,0.0020575264679017205
81,krrisis,0.0023329656495076,1.0,0.0017082433041068097,0.0020330989237152207
89,MisterBoyfriend,0.0021267668537705,1.0,0.0017082433041068097,0.0019258755499319288
90,uPaul,0.0020978783623729,1.0,0.0017082433041068097,0.0019108535344051767
91,burrrata,0.002032615125096,1.0,0.0017082433041068097,0.0018769166510211887
92,felixfalafel,0.0019953829638655,1.0,0.0017082433041068097,0.0018575559271813288
93,aidanbrodieo,0.0019240347178281,1.0,0.0017082433041068097,0.0018204548392418806
94,anjablaj,0.001907266137437,1.0,0.0017082433041068097,0.0018117351774385088
87,anthonyoliai,0.0018443242665223,0.9145703226879474,0.0015623086298664904,0.0017089567609275113
97,jameszaki,0.0016396682901307,1.0,0.0017082433041068097,0.0016725842968392328
98,pehkah,0.0015215691570566,1.0,0.0017082433041068097,0.0016111727476407008
99,CoachB,0.001472114242326,1.0,0.0017082433041068097,0.0015854561919807887
101,nikoline_nik,0.0014238493690843,1.0,0.0017082433041068097,0.0015603584578951046
103,moritzfelipe#9923,0.0013555698694658,1.0,0.0017082433041068097,0.0015248531180934847
104,sjdthree#8498,0.001346894217995,1.0,0.0017082433041068097,0.0015203417793286688
106,dulcedu,0.0012872059500198,1.0,0.0017082433041068097,0.0014893038799815646
107,papa_raw,0.0012827784337838,1.0,0.0017082433041068097,0.0014870015715388448
110,existenialstoic,0.001166850736383,1.0,0.0017082433041068097,0.0014267191688904289
112,Luukweber,0.0011663134312208,1.0,0.0017082433041068097,0.0014264397702060847
116,cpt_grog,0.0011345369884233,1.0,0.0017082433041068097,0.0014099160199513847
120,mehigher,0.0010817370762557,1.0,0.0017082433041068097,0.0013824600656242327
121,unquaLe,0.0010809570489181,1.0,0.0017082433041068097,0.0013820544514086806
123,d8n13l,0.0010766129686046,1.0,0.0017082433041068097,0.0013797955296456607
124,RenzoD5,0.0010632552290585,1.0,0.0017082433041068097,0.0013728495050816887
125,tjayrush,0.001025562958619,1.0,0.0017082433041068097,0.0013532495244531488
127,lbagic,0.0009714910965639,1.0,0.0017082433041068097,0.0013251321561844967
128,juliet_myea,0.0009602441794897,1.0,0.0017082433041068097,0.0013192837593059127
129,JoseVicente1,0.0009487510240186,1.0,0.0017082433041068097,0.0013133073184609407
130,Andfletcher,0.0009222883831066,1.0,0.0017082433041068097,0.0012995467451867007
131,mercedesrodsim,0.0009161736756357,1.0,0.0017082433041068097,0.0012963670973018327
132,auryn_macmillan,0.0009139411565607,1.0,0.0017082433041068097,0.0012952061873828327
133,crypt0dawg,0.000913744114029,1.0,0.0017082433041068097,0.0012951037252663486
134,ludo_lb,0.0009051325448209,1.0,0.0017082433041068097,0.0012906257092781368
135,markusbkoch#6770,0.0009048363106059,1.0,0.0017082433041068097,0.0012904716674863367
137,rogervs,0.0008814788767683,1.0,0.0017082433041068097,0.0012783258018907848
138,rogervs,0.0008814788767683,1.0,0.0017082433041068097,0.0012783258018907848
139,petheth,0.0008648169667573,1.0,0.0017082433041068097,0.0012696616086850646
140,aaron_soskin,0.0008326105994162,1.0,0.0017082433041068097,0.0012529142976676927
141,nelsonm,0.0008149878303197,1.0,0.0017082433041068097,0.0012437504577375127
142,katebee,0.0007838965464411,1.0,0.0017082433041068097,0.0012275829901206407
144,officialnico,0.0007558844531413,1.0,0.0017082433041068097,0.0012130167016047447
145,boring877,0.0007551173222453,1.0,0.0017082433041068097,0.0012126177935388247
146,thebeautyway,0.0007467984321512,1.0,0.0017082433041068097,0.0012082919706898928
147,antoniopaglino,0.0007186252020118,1.0,0.0017082433041068097,0.0011936418910174047
148,magentaceiba,0.0007151826129308,1.0,0.0017082433041068097,0.0011918517446952847
150,PaulaBerman#9915,0.0006803940293102,1.0,0.0017082433041068097,0.0011737616812125726
151,JamesSimbouras,0.0006688803042451,1.0,0.0017082433041068097,0.0011677745441787206
152,castall,0.0006681512634201,1.0,0.0017082433041068097,0.0011673954429497206
153,rpp63,0.0006521870754371,1.0,0.0017082433041068097,0.0011590940651985608
154,brutalfluffy,0.0006431631804368,1.0,0.0017082433041068097,0.0011544016397984048
155,morgangr,0.0006382591332941,1.0,0.0017082433041068097,0.0011518515352842008
82,lescanore,0.0019688708049301,0.8949390984166858,0.0002547956204089481,0.0011461147163599472
156,sbilbao,0.0006200784174123,1.0,0.0017082433041068097,0.0011423975630256646
158,jakublanc,0.0006112474032377,1.0,0.0017082433041068097,0.0011378054356548728
161,glefevre,0.0005802947709218,1.0,0.0017082433041068097,0.0011217100668506046
163,stephen_yo,0.0005409544453574,1.0,0.0017082433041068097,0.0011012530975571166
164,davidkish,0.0005399310499935,1.0,0.0017082433041068097,0.0011007209319678886
165,xlcrr,0.0005320611291069,1.0,0.0017082433041068097,0.0010966285731068568
166,johann#1308,0.0005185279445249,1.0,0.0017082433041068097,0.0010895913171242166
168,NukeManDan,0.0004962190257736,1.0,0.0017082433041068097,0.0010779906793735407
170,bends#3537,0.0004788386792549,1.0,0.0017082433041068097,0.0010689528991838166
173,melvera,0.0004708016773795,1.0,0.0017082433041068097,0.0010647736582086087
175,TokenBrice,0.0004613206333734,1.0,0.0017082433041068097,0.0010598435153254366
176,positonic,0.0004516931627374,1.0,0.0017082433041068097,0.0010548372305947168
172,BK#7471,0.0004435073172193,1.0,0.0017082433041068097,0.0010505805909253047
177,Revathi#5324,0.0004281328768632,1.0,0.0017082433041068097,0.0010425858819401326
179,ryanchrypto,0.0004106943741463,1.0,0.0017082433041068097,0.0010335178605273448
184,krisparuch,0.0003803585993655,1.0,0.0017082433041068097,0.0010177432576413286
187,witwiki3,0.0003665495915874,1.0,0.0017082433041068097,0.0010105625735967166
189,Lydia#2825,0.0003447015754655,1.0,0.0017082433041068097,0.0009992016052133288
203,willyogo,0.0002870851573793,1.0,0.0017082433041068097,0.0009692410678085047
206,nyanncatt,0.0002833310386478,1.0,0.0017082433041068097,0.0009672889260681247
215,Seedsalchemist,0.0002613459455255,1.0,0.0017082433041068097,0.0009558566776445288
217,davidhq,0.0002527430427349,1.0,0.0017082433041068097,0.0009513831681934167
218,cemfd,0.0002518757134084,1.0,0.0017082433041068097,0.0009509321569436367
219,edendh,0.0002496646734418,1.0,0.0017082433041068097,0.0009497824161610047
220,blackboxdotart,0.0002481805904731,1.0,0.0017082433041068097,0.0009490106930172807
221,oedth,0.0002479120863294,1.0,0.0017082433041068097,0.0009488710708625567
197,Mettodo#7010,0.0002158259928924,1.0,0.0017082433041068097,0.0009321863022753168
244,ontologymachine,0.0001621214152847,1.0,0.0017082433041068097,0.0009042599219193127
251,barnabemonnot,0.0001392508738996,1.0,0.0017082433041068097,0.0008923672403990607
259,willszal#6405,0.0001279421592617,1.0,0.0017082433041068097,0.0008864867087873527
268,maxsong123,9.552951662832936e-05,1.0,0.0017082433041068097,0.000869632134618
277,ethicraul,8.7497512555297e-05,1.0,0.0017082433041068097,0.0008654554925000232
102,freddbomba,0.0013847924504371,1.0,0.00028470721735113496,0.0008567515385558369
311,CleanApp,3.0071085212309845e-05,1.0,0.0017082433041068097,0.0008355937502816698
105,gyalbo,0.001306430776341,1.0,0.00028470721735113496,0.0008160034680258648
108,marinam00,0.0012551636800871,1.0,0.00028470721735113496,0.0007893445779738367
109,paxthemax,0.0012222922759976,1.0,0.00028470721735113496,0.0007722514478472968
113,simunstrukan,0.0011648603130923,1.0,0.00028470721735113496,0.0007423868271365407
115,jonassft,0.0011609862530396,1.0,0.00028470721735113496,0.0007403723159091367
117,sergei_tran,0.0011284273430769,1.0,0.00028470721735113496,0.0007234416827285328
119,JoeZ#9988,0.0010825751394206,1.0097571566797836,0.00028748515027869517,0.0007009319446324857
122,sepu85,0.0010789800365857,1.0,0.00028470721735113496,0.0006977290833531087
126,pprhsk,0.0009930002727009,1.0,0.00028470721735113496,0.0006530196061330128
143,Michal#7390,0.0007572757927305,1.0,0.00028470721735113496,0.0005304428765484047
157,fahern#7639,0.0006129777747555,1.0,0.00028470721735113496,0.0004554079072014048
162,solarpunk_girl,0.0005411146208719,1.0,0.00028470721735113496,0.00041803906718193275
167,XQTStrategy,0.0005109794516381,1.0,0.00028470721735113496,0.0004023687791803568
169,willruddick,0.0004921650478046,1.0,0.00028470721735113496,0.0003925852891869368
160,PKK777,0.0004917458273216,1.0,0.00028470721735113496,0.0003923672945357768
171,celineflash,0.0004780702568368,1.0,0.00028470721735113496,0.0003852559978836808
174,orishim,0.0004759311826954,1.0,0.00028470721735113496,0.00038414367933015277
178,WhyldWanderer#7002,0.0004257679123883,1.0,0.00028470721735113496,0.0003580587787704608
180,CJ_33Logic#3171,0.0004099894747967,1.0,0.00028470721735113496,0.00034985399122282876
181,Lin#3884,0.0004074330202,1.0,0.00028470721735113496,0.0003485246348325448
182,exiledsurfer,0.0004010605170004,1.0,0.00028470721735113496,0.00034521093316875276
183,tunoncedemalis,0.000392788852148,1.0,0.00028470721735113496,0.00034090966744550476
185,chanate91,0.0003798741290568,1.0,0.00028470721735113496,0.00033419401143808074
186,acryptomuppet,0.0003741021939669,1.0,0.00028470721735113496,0.00033119260519133277
188,hxrts,0.0003521088736418,1.0,0.00028470721735113496,0.00031975607862228076
190,paul2#3057,0.000343509158219,1.0,0.00028470721735113496,0.00031528422660242474
191,bierlingm,0.000338612052884,1.0,0.00028470721735113496,0.00031273773182822475
192,Michel Bauwens#1511,0.0003365845706755,1.0,0.00028470721735113496,0.0003116834410798047
193,gagarine#9410,0.0003355197528742,1.0,0.00028470721735113496,0.00031112973582312877
194,thelastjosh,0.0003331258261276,1.0,0.00028470721735113496,0.00030988489391489677
195,REOS#2250,0.0003230256276931,1.0,0.00028470721735113496,0.00030463279072895675
196,AdaptDAO,0.0003145957477515,1.0,0.00028470721735113496,0.0003002492531593248
199,CodersInBlack,0.0003091655292262,1.0,0.00028470721735113496,0.0002974255395261688
200,The Blockchain Socialist#5005,0.0003062491562987,1.0,0.00028470721735113496,0.00029590902560386876
201,Smokyish,0.0002988922780596,1.0,0.00028470721735113496,0.0002920834489195368
202,alexholman,0.0002979852219993,1.0,0.00028470721735113496,0.0002916117797681808
205,tawhuac,0.0002833310386478,1.0,0.00028470721735113496,0.0002839916044254008
204,jodisattva,0.0002833310386478,1.0,0.00028470721735113496,0.0002839916044254008
198,adnfx2#9648,0.0002816430334523,1.0,0.00028470721735113496,0.00028311384172374077
207,jelena_dragovic,0.0002782481910135,1.0,0.00028470721735113496,0.00028134852365556477
208,staccop2p,0.0002767370663976,1.0,0.00028470721735113496,0.00028056273885529676
209,Yalormewn,0.0002745529963481,1.0,0.00028470721735113496,0.00027942702242955675
210,tze42,0.0002710101922774,1.0,0.00028470721735113496,0.0002775847643127928
211,matslats,0.0002692335472971,1.0,0.00028470721735113496,0.00027666090892303674
212,ComandoBurrito,0.0002692234884015,1.0,0.00028470721735113496,0.0002766556782973248
213,kei#9866,0.0002685723178333,1.0,0.00028470721735113496,0.0002763170696018608
214,andythegreenie#7463,0.0002653354380471,1.0,0.00028470721735113496,0.0002746338921130368
216,kentphilly,0.0002565840551535,1.0,0.00028470721735113496,0.00027008317300836475
222,rodbot2#3621,0.0002382019120849,1.0,0.00028470721735113496,0.0002605244586126928
223,monstros1ty,0.0002363792674067,1.0,0.00028470721735113496,0.00025957668338002875
224,IvanThinking,0.0002353293175973,1.0,0.00028470721735113496,0.00025903070947914074
225,tech_digger,0.0002344009742617,1.0,0.00028470721735113496,0.00025854797094462876
226,ferdinandrg,0.0002342300443098,1.0,0.00028470721735113496,0.00025845908736964076
227,BlockEnthusiast,0.0002315832125548,1.0,0.00028470721735113496,0.0002570827348570408
228,terry#6288,0.0002194589515714,1.0,0.00028470721735113496,0.00025077811914567277
229,gcrewe,0.0002184202132629,1.0,0.00028470721735113496,0.00025023797522525276
230,nic#9212,0.0002154430972235,1.0,0.00028470721735113496,0.00024868987488476475
231,matiasbd,0.0002085451213869,1.0,0.00028470721735113496,0.00024510292744973276
232,Pronoiaüêô#2154,0.0002080428426529,1.0,0.00028470721735113496,0.00024484174250805275
233,jantinine,0.000205790583873,1.0,0.00028470721735113496,0.00024367056794250477
234,wertuals,0.0002037137032189,1.0,0.00028470721735113496,0.00024259059000237277
235,jantanner#2104,0.0002001514164588,1.0,0.00028470721735113496,0.0002407382008871208
236,JohnKellden,0.0001977813548012,1.0,0.00028470721735113496,0.00023950576882516878
237,META_DREAMER,0.0001974021756573,1.0,0.00028470721735113496,0.00023930859567034078
238,flakoubay,0.0001939839746844,1.0,0.00028470721735113496,0.00023753113116443278
239,michaelr10,0.0001908225332675,1.0,0.00028470721735113496,0.00023588718162764478
240,hanna_nevermind,0.0001795523941227,1.0,0.00028470721735113496,0.00023002670927234876
241,ubipromoter,0.0001778458573701,1.0,0.00028470721735113496,0.00022913931016099677
242,Lanski13,0.0001663664169053,1.0,0.00028470721735113496,0.00022317000111930077
243,eskalexia,0.0001640109129531,1.0,0.00028470721735113496,0.00022194513906415676
245,adriamb,0.0001595147945712,1.0,0.00028470721735113496,0.00021960715750556878
246,Christian_RegenNetwork#5044,0.0001537550438737,1.0,0.00028470721735113496,0.00021661208714286875
247,arcorren,0.0001513637843357,1.0,0.00028470721735113496,0.00021536863218310877
248,victorid,0.0001481027245269,1.0,0.00028470721735113496,0.00021367288108253276
249,HazardJ#9101,0.0001457535828344,1.0,0.00028470721735113496,0.00021245132740243275
250,Mayu ‚ò™Dev Protocolüåü#8814,0.0001401539199928,1.0,0.00028470721735113496,0.00020953950272480077
252,proofoftom,0.0001359822136748,1.0,0.00028470721735113496,0.00020737021543944077
253,hypereum,0.0001316826174669,1.0,0.00028470721735113496,0.00020513442541133278
255,jasselnorm,0.0001316661444794,1.0,0.00028470721735113496,0.00020512585945783277
254,wipabramson,0.0001316661444794,1.0,0.00028470721735113496,0.00020512585945783277
256,OKDuncan,0.0001305026370244,1.0,0.00028470721735113496,0.00020452083558123276
257,JoeEchidna,0.0001302792491165,1.0,0.00028470721735113496,0.00020440467386912477
258,shrutiappiah1,0.0001280474860842,1.0,0.00028470721735113496,0.00020324415709232878
260,ZoushHoang#2376,0.0001195818552127,1.0,0.00028470721735113496,0.00019884202903914876
261,cyotee,0.0001175051821992,1.0,0.00028470721735113496,0.00019776215907212877
262,cannabiscommunitycare,0.0001134026787065,1.0,0.00028470721735113496,0.00019562885725592477
263,lalogarza,0.0001114657836656,1.0,0.00028470721735113496,0.00019462167183465677
264,DeepTroop#4783,0.0001050620387539,1.0,0.00028470721735113496,0.00019129172448057276
265,macerer,9.84101838329075e-05,1.0,0.00028470721735113496,0.00018783275992165666
266,vasileios_panagiotidis,9.822168804147612e-05,1.0,0.00028470721735113496,0.00018773474211011235
267,eeeit,9.591842313199304e-05,1.0,0.00028470721735113496,0.00018653704435718114
269,Leanne#9678,9.497959739612248e-05,1.0,0.00028470721735113496,0.00018604885497452845
270,Miles#9305,9.47337078629733e-05,1.0,0.00028470721735113496,0.00018592099241729088
271,Shaila#4348,9.146676391759652e-05,1.0,0.00028470721735113496,0.00018422218156569496
272,joaonit#7081,9.146676391759652e-05,1.0,0.00028470721735113496,0.00018422218156569496
273,Elementarycomplexity,9.11446374734285e-05,1.0,0.00028470721735113496,0.0001840546758147276
274,revxzx,9.088105539399844e-05,1.0,0.00028470721735113496,0.00018391761313342396
275,dunks411 | Adept Camp#2178,8.951077000039591e-05,1.0,0.00028470721735113496,0.00018320506472875063
276,CaseyR#2795,8.951077000039591e-05,1.0,0.00028470721735113496,0.00018320506472875063
278,viken33,8.505567781260584e-05,1.0,0.00028470721735113496,0.0001808884167910998
279,jakubgregus,8.049667411060852e-05,1.0,0.00028470721735113496,0.0001785177348660612
280,igorline,7.839555321914161e-05,1.0,0.00028470721735113496,0.00017742515200249841
281,edapt,7.806424618457848e-05,1.0,0.00028470721735113496,0.00017725287234452558
282,santosthegreat,7.172774650701404e-05,1.0,0.00028470721735113496,0.00017395789251219206
283,Wunluv,7.098598491176862e-05,1.0,0.00028470721735113496,0.00017357217648266446
284,stan#3519,7.057637177189248e-05,1.0,0.00028470721735113496,0.00017335917764992886
285,blockchainberlin,6.962543693255086e-05,1.0,0.00028470721735113496,0.00017286469153347122
286,CurlyBracketEffect#5572,6.959974500180175e-05,1.0,0.00028470721735113496,0.00017285133172948168
287,monsterplayaus,6.882721782297283e-05,1.0,0.00028470721735113496,0.00017244961759649063
288,cryptononymouseconomist,6.797889772730872e-05,1.0,0.00028470721735113496,0.00017200849114674531
289,charingane,6.477325748414105e-05,1.0,0.00028470721735113496,0.00017034155822029813
290,quentin_hb,6.432139653553513e-05,1.0,0.00028470721735113496,0.00017010659052702303
291,supernova_labs,6.3652567532572e-05,1.0,0.00028470721735113496,0.0001697587994454822
292,fenjamin,6.346697977779219e-05,1.0,0.00028470721735113496,0.0001696622938129967
293,0xJoshua#0888,5.843875871732954e-05,1.0,0.00028470721735113496,0.00016704761886155613
294,deepcryptodive,5.70726265092422e-05,1.0,0.00028470721735113496,0.0001663372301133507
295,sknuth#9426,5.602978301671184e-05,1.0,0.00028470721735113496,0.00016579495149723493
299,wildpau,5.327059126029108e-05,1.0,0.00028470721735113496,0.00016436017178389614
296,eduadiez,5.327059126029108e-05,1.0,0.00028470721735113496,0.00016436017178389614
297,jamiepitts,5.327059126029108e-05,1.0,0.00028470721735113496,0.00016436017178389614
298,jimbobbins,5.327059126029108e-05,1.0,0.00028470721735113496,0.00016436017178389614
300,benjaminaaron,5.327059126029108e-05,1.0,0.00028470721735113496,0.00016436017178389614
301,dazuck,5.327059126029108e-05,1.0,0.00028470721735113496,0.00016436017178389614
302,erikbjare,5.327059126029108e-05,1.0,0.00028470721735113496,0.00016436017178389614
303,Bradym,5.327059126029108e-05,1.0,0.00028470721735113496,0.00016436017178389614
304,sethfork,4.916375118827306e-05,1.0,0.00028470721735113496,0.00016222461494644675
305,youngkidwarrior,4.671099483651567e-05,1.0,0.00028470721735113496,0.00016094918164353292
306,a_bornstein,4.475538500019796e-05,1.0,0.00028470721735113496,0.0001599322645286477
307,yangwao,4.435226495565092e-05,1.0,0.00028470721735113496,0.00015972264210548326
308,sanolution,4.39098134876712e-05,1.0,0.00028470721735113496,0.0001594925673421338
309,lefterisjp,3.207850480765932e-05,1.0,0.00028470721735113496,0.0001533402868285276
310,irenioskamoska#7519,3.207850480765932e-05,1.0,0.00028470721735113496,0.0001533402868285276
312,fatrui,2.4994121692944863e-05,1.0,0.00028470721735113496,0.0001496564076088761
313,econaut6,1.7931936628913017e-05,1.0,0.00028470721735113496,0.00014598407137557954
314,scupytrooples,1.0608761253988996e-05,1.0,0.00028470721735113496,0.00014217602018061905
315,paulsalis,1.0608761253988996e-05,1.0,0.00028470721735113496,0.00014217602018061905
316,gijsspoor,9.834793668192923e-06,1.0,0.00028470721735113496,0.0001417735570360051
317,hubway,9.834793668192923e-06,1.0,0.00028470721735113496,0.0001417735570360051
318,marveloushelper,9.699198734223552e-06,1.0,0.00028470721735113496,0.000141703047670341
319,denissrgn,7.716962341260325e-06,1.0,0.00028470721735113496,0.00014067228474600013
320,pimpmypeon,6.328139201437436e-06,1.0,0.00028470721735113496,0.00013995009671329223
321,cryptonian_z,6.328139201437436e-06,1.0,0.00028470721735113496,0.00013995009671329223
322,robinwhitney,6.328139201437436e-06,1.0,0.00028470721735113496,0.00013995009671329223
323,asalemalawi,4.173163210534405e-06,1.0,0.00028470721735113496,0.00013882950919802265
324,wolfofcurrency,3.2575719252481507e-06,1.0,0.00028470721735113496,0.0001383534017296738
325,llll79,2.385921416653753e-06,1.0,0.00028470721735113496,0.0001379001434652047
326,burningfiat,2.1717146165441665e-06,1.0,0.00028470721735113496,0.00013778875592914774
327,immortaz,2.1717146165441665e-06,1.0,0.00028470721735113496,0.00013778875592914774
328,tomerba,0.0,0.8949390984166858,0.0002547956204089481,0.00012230189779629508
329,ajmaq,0.0,0.8949390984166858,0.0002547956204089481,0.00012230189779629508
330,rokkranjc,0.0,0.8949390984166858,0.0002547956204089481,0.00012230189779629508
331,emalinus,0.0,0.8949390984166858,0.0002547956204089481,0.00012230189779629508
