level_0,index,Hatcher,Total Hours Given,Total Hours Received,Total Hours Deducted,Default Net Impact Hours,Initial Distribution,40% Wage Restoration Augmentation,UBI Augmentation,Gifting Economy Augmentation,Composite Augmentations,Augmented Impact Hours,Final Distribution,Diff
0,0,zeptimusQ,783.7236645226121,796.5003561059557,-118.72804808,677.7723080259556,0.0585461016730601,47.491219232,24.12071373544416,25.0,96.61193296744416,774.3842409933998,0.02949629339104601,-0.029049808282014086
1,4,sembrestels,782.2735748431129,1159.198960382401,-787.7675682669999,371.4313921153996,0.0320843147320231,315.1070273068,25.372425444131977,25.0,365.47945275093196,736.9108448663316,0.02806893184620756,-0.004015382885815537
2,1,Santigs67,151.66084598108856,600.8899877671505,0.0,600.8899877671505,0.0519049921360792,0.0,24.424423633887614,25.0,49.42442363388761,650.3144114010381,0.02477047395812631,-0.027134518177952892
3,14,GriffGreen,2381.2928027363464,970.252802518543,-800.0544447200001,170.19835779854134,0.0147017667176211,320.0217778880001,28.906922811900387,25.0,373.92870069990045,544.1270584984418,0.020725798008089488,0.006024031290468388
4,2,ygganderson,278.3194880690703,564.0753692590994,-142.968564695,421.10680456409983,0.0363752863657615,57.187425878,24.734314512099505,25.0,106.9217403900995,528.0285449541993,0.02011260567600954,-0.01626268068975196
5,16,liviade,1535.0329420064186,899.8199512541999,-742.7912366720002,157.0287145822001,0.0135641704163094,297.1164946688001,29.675617545676488,25.0,351.79211221447656,508.82082679667667,0.019380983749638703,0.005816813333329302
6,13,JuankBell,865.4684660368874,795.6047075824681,-625.2952383899999,170.30946919247015,0.0147113645410922,250.118095356,28.52960985215728,25.0,303.6477052081573,473.9571744006274,0.01805302733560047,0.0033416627945082704
7,3,cranders71,450.9292942689688,402.6524050371999,10.38050642,413.03291145719993,0.0356778619340807,4.152202568,25.050335233298934,25.0,54.20253780129893,467.2354492584989,0.017796996845321055,-0.017880865088759645
8,15,JessicaZartler,1392.6982528695355,727.1927343490803,-558.793255374,168.39947897508,0.0145463792205978,223.5173021496,29.288986136655325,25.0,277.8062882862553,446.2057672613353,0.01699597632182357,0.0024495971012257704
9,7,iviangita,7448.769215555203,573.1943336600978,-311.384616935,261.8097167250975,0.0226151734334292,124.553846774,26.37436712052255,25.0,175.92821389452254,437.73793061962,0.01667343644982014,-0.005941736983609062
10,29,Tam2140,711.5006048793628,696.038894542059,-588.8850259,107.15386864205834,0.0092559716794145,235.55401036,35.01564433208142,25.0,295.56965469208143,402.72352333413977,0.01533973778250066,0.00608376610308616
11,5,solsista,116.14892503408696,298.56671311616986,5.668780611,304.2354937271699,0.02627992016992,2.2675122444,25.700515374544807,25.0,52.9680276189448,357.2035213461147,0.013605881044820446,-0.012674039125099554
12,33,paulo_c2d,288.63621217799994,548.8230421183997,-448.80511804899993,100.01792406940004,0.0086395674216174,179.52204721959998,36.72074112378464,25.0,241.24278834338463,341.26071241278464,0.012998619500897961,0.004359052079280562
13,6,akrtws ,44.37290595187999,283.99621188818963,4.216535305,288.2127471931896,0.0248958722580301,1.686614122,26.03452565051623,11.093226487969998,38.81436626048623,327.02711345367584,0.012456461759710227,-0.012439410498319873
14,23,markop,303.5543103433757,489.51425506979,-371.76348003030006,117.75077503948997,0.0101713344819623,148.70539201212003,32.49242297960608,25.0,206.19781499172612,323.9485900312161,0.012339200811884646,0.0021678663299223456
15,37,freedumbs00,195.86287650499136,445.09136261865314,-355.5433,89.54806261865393,0.007735178785877,142.21732,38.41926707656008,25.0,205.6365870765601,295.18464969521403,0.011243582411715664,0.0035084036258386632
16,9,mateodaza,0.0,308.1342339959,-73.452717748,234.68151624790005,0.0202718342846655,29.3810870992,27.071137210822656,0.0,56.45222431002266,291.1337405579227,0.011089283294960997,-0.009182550989704502
17,8,OOPS FIX ME,0.0,252.40653770650005,0.0,252.40653770650005,0.0218029250303096,0.0,26.71994069659587,0.0,26.71994069659587,279.1264784030959,0.01063192671589679,-0.01117099831441281
18,48,chuygarcia92,426.4561359274271,422.2804708168333,-353.47748538,68.80298543683271,0.0059432150489108,141.39099415200002,42.86275722562978,25.0,209.25375137762978,278.0567368144625,0.010591180262029836,0.004647965213119036
19,39,vegayp,60.524117435972514,414.70670134092666,-326.14167459,88.56502675092634,0.0076502639594984,130.456669836,39.25885103321042,15.131029358993128,184.84655022820354,273.4115769791299,0.010414246137988898,0.0027639821784904983
20,24,naynaysoo,74.27320993760381,371.3311118667002,-256.9375201959999,114.39359167070003,0.0098813403400996,102.77500807839998,32.90777951219367,18.568302484400952,154.2510900749946,268.64468174569464,0.010232675113003404,0.0003513347729038035
21,11,metaverde,89.24662043673332,208.7172819064309,0.0,208.7172819064309,0.0180290387534551,0.0,27.789911236028047,22.31165510918333,50.10156634521138,258.8188482516423,0.009858409145012709,-0.008170629608442392
22,17,Laurenluz,134.9559693454181,276.5683507137,-124.8492742088,151.71907650490007,0.0131055228630829,49.93970968352,30.06662418018593,25.0,105.00633386370593,256.725410368606,0.009778670102396402,-0.003326852760686498
23,10,durgadasji,11.412315004884425,216.73646253200013,0.0,216.73646253200013,0.0187217371105282,0.0,27.427837288110084,2.853078751221106,30.28091603933119,247.01737857133134,0.009408891200678723,-0.009312845909849477
24,35,jeffemmett,230.090253055008,295.6856184652002,-198.01887055500003,97.66674791020004,0.0084364723750394,79.20754822200001,37.572245756038114,25.0,141.77979397803813,239.4465418882382,0.009120518054378975,0.0006840456793395754
25,18,divine_comedian,91.05450326872123,273.4359533950001,-146.325437303,127.11051609200004,0.0109798307052586,58.5301749212,30.4618026328547,22.76362581718031,111.75560337123501,238.86611946323507,0.009098409765970792,-0.0018814209392878072
26,26,VitorMarthendal,1.850919619,339.1592737016402,-227.53959470900003,111.61967899264005,0.0096417292321231,91.0158378836,33.74558827616937,0.46272990475,125.22415606451938,236.84383505715942,0.009021380959076137,-0.0006203482730469632
27,12,mzargham,2.52730322,139.47508268899995,47.333987251,186.80906993999997,0.0161366032112043,18.933594900400003,28.157218952508543,0.631825805,47.722639657908545,234.5317095979085,0.008933312107345007,-0.007203291103859293
28,20,Vyvy-vi#5040,149.6261986738822,233.06995042660017,-113.179728832,119.89022159460006,0.0103561402848202,45.2718915328,31.263808954544373,25.0,101.53570048734437,221.42592208194444,0.00843411270060646,-0.0019220275842137396
29,60,fabimol,118.985028638,232.2100211003201,-178.88459672399998,53.32542437632001,0.0046062603625516,71.5538386896,46.8514205708638,25.0,143.4052592604638,196.7306836367838,0.00749347114312091,0.00288721078056931
30,57,Krisjones,216.7679588742377,220.3903278696,-164.587796165,55.80253170459998,0.0048202333676143,65.83511846600001,45.97209134498754,25.0,136.80720981098756,192.60974151558753,0.007336504470221686,0.0025162711026073857
31,21,Tonga2020,79.45739264981576,119.6637677371,0.0,119.6637677371,0.0103365791572727,0.0,31.670177847418486,19.86434816245394,51.53452600987242,171.1982937469724,0.006520942489647353,-0.0038156366676253472
32,52,knobsDAO,97.1277224534422,141.227777695,-77.242004782,63.98577291299997,0.0055271033092287,30.8968019128,44.322347340567056,24.28193061336055,99.5010798667276,163.48685277972757,0.006227213726590662,0.0007001104173619621
33,30,xgabi,20.679650321,149.24328933170003,-45.409937621,103.8333517107,0.008969144791434,18.1639750484,35.44132022359068,5.16991258025,58.77520785224068,162.60855956294068,0.006193759540626756,-0.002775385250807244
34,28,ddan#2489,47.88871858870143,107.64733035320002,0.0,107.64733035320002,0.0092985969964571,0.0,34.59091897476954,11.972179647175357,46.563098621944896,154.2104289751449,0.005873874772005731,-0.003424722224451369
35,19,shawn_westrick,7.506207522,119.97901083100002,0.0,119.97901083100002,0.0103638099160521,0.0,30.860938999654067,1.8765518805,32.73749088015407,152.71650171115408,0.005816971087050794,-0.004546838829001306
36,22,Mount Manu#3530,9.029609520151515,117.77211710020002,0.0,117.77211710020002,0.0101731780132507,0.0,32.07980082565818,2.257402380037879,34.33720320569606,152.1093203058961,0.005793843549165852,-0.004379334464084849
37,31,Nuggan#5183,45.20276271522963,102.7833310929,0.0,102.7833310929,0.0088784438095253,0.0,35.86761943947445,11.300690678807408,47.16831011828186,149.95164121118185,0.00571165755899155,-0.0031667862505337504
38,25,lkngtn,0.0,105.19602473940004,8.071960985,113.26798572440003,0.0097841102830502,3.2287843940000003,33.32559593290205,0.0,36.55438032690205,149.82236605130208,0.005706733468543769,-0.004077376814506431
39,27,danlessa,1.590962794,102.57443335050002,5.757528084,108.33196143450002,0.0093577355602781,2.3030112336,34.167463344288024,0.3977406985,36.86821527638803,145.20017671088806,0.00553067429058462,-0.0038270612696934807
40,55,fabiosmendes,0.0,161.73600333550004,-103.6752610187,58.0607423168,0.0050152980324515,41.47010440748,45.33807448558442,0.0,86.80817889306442,144.86892120986442,0.0055180567695551925,0.0005027587371036922
41,36,kristoferkristofer ,0.0,124.04236744069996,-34.187898119,89.85446932169995,0.0077616462555234,13.675159247600002,37.996499583846,0.0,51.671658831446,141.52612815314595,0.005390729792162118,-0.0023709164633612815
42,32,wslyvh,1.058885868,94.84558866870002,6.48675671,101.3323453787,0.0087531073858565,2.594702684,36.294207116285406,0.264721467,39.153631267285405,140.4859766459854,0.00535111042440873,-0.0034019969614477712
43,34,MerlinEgalite,5.520833766000001,101.24716299364998,-3.048974798,98.19818819565,0.0084823782885987,1.2195899192,37.14687247458063,1.3802084415000002,39.74667083528063,137.94485903093064,0.0052543192621574706,-0.0032280590264412287
44,40,üêô octopus#5508,45.28059389371942,86.081786034,0.0,86.081786034,0.0074357611511507,0.0,39.674910797466566,11.320148473429855,50.99505927089642,137.07684530489644,0.0052212566219651604,-0.00221450452918554
45,38,sgonzt,0.0,98.85324987734,-10.0485,88.80474987734,0.007670971289034,4.0194,38.84017635036285,0.0,42.85957635036285,131.66432622770284,0.005015093786728826,-0.002655877502305174
46,46,heater03,41.3971139812,83.83863093867998,-14.304126302,69.53450463668,0.006006403817385,5.721650520800001,42.09470130441901,10.3492784953,58.165630320519014,127.70013495719901,0.004864097753257116,-0.0011423060641278845
47,42,danibelle,14.969861203,86.28856912836,-5.369564028,80.91900510036,0.0069897991460977,2.1478256112,40.497647799086295,3.74246530075,46.38793871103629,127.30694381139628,0.004849121103705879,-0.002140678042391821
48,41,Sponnet2,9.974952795,81.98009031370002,0.0,81.98009031370002,0.0070814558898867,0.0,40.08797191005398,2.49373819875,42.58171010880398,124.561800422504,0.004744558600347876,-0.0023368972895388244
49,50,JonathanBSci,0.0,27.941853502700003,37.74853997,65.69039347270001,0.00567434875939,15.099415988000002,43.60633452087936,0.0,58.70575050887936,124.39614398157937,0.004738248747015426,-0.0009361000123745741
50,99,Suga#8514,58.69078124924425,118.2924868831,-99.502383976,18.790102907100028,0.0016230926849909,39.800953590400006,47.92558914069675,14.672695312311063,102.39923804340782,121.18934095050784,0.004616101629286841,0.0029930089442959406
51,43,BlairV,5.461063626,78.1571730569,0.0,78.1571730569,0.0067512315656499,0.0,40.9035496358793,1.3652659065,42.2688155423793,120.42598859927931,0.004587025540543483,-0.002164206025106417
52,44,trentmc0,0.0,75.4138941047,1.90798987,77.3218839747,0.0066790791348796,0.763195948,41.305286931177065,0.0,42.06848287917707,119.39036685387707,0.004547578711401732,-0.002131500423477868
53,61,fiorebotta,20.153137045,87.24223307079998,-34.188996984000006,53.053236086800005,0.004582748686014,13.675598793600004,47.12408485615466,5.03828426125,65.83796791100467,118.89120399780467,0.004528565599727692,-5.418308628630814e-05
54,51,geleeroyale,0.0,88.04671417289998,-22.881765499,65.1649486739,0.0056289607371149,9.1527061996,43.96797743924324,0.0,53.120683638843246,118.28563231274325,0.004505499376080155,-0.0011234613610347447
55,49,ManuAlzuru,25.402954107300005,66.65062215249999,0.0,66.65062215249999,0.0057572934965108,0.0,43.23779961785624,6.350738526825001,49.58853814468124,116.23916029718123,0.0044275492632135155,-0.0013297442332972842
56,62,atacas,0.0,88.1735975216,-37.335532429,50.8380650926,0.0043914017916161,14.9342129716,47.38600077817646,0.0,62.32021374977646,113.15827884237646,0.004310198497943063,-8.120329367303745e-05
57,47,TannrA,3.5926286063,69.2804898097,0.0,69.2804898097,0.0059844619680194,0.0,42.48159464116726,0.898157151575,43.37975179274226,112.66024160244226,0.004291228260984313,-0.0016932337070350864
58,45,simondlr,0.0,70.45576970540998,0.0,70.45576970540998,0.006085982870325,0.0,41.70246814436926,0.0,41.70246814436926,112.15823784977924,0.004272106939567753,-0.0018138759307572468
59,58,AnnaMarieSwan#8824,32.46738324065151,55.674646445999976,0.0,55.674646445999976,0.0048091866145029,0.0,46.2750987840863,8.116845810162877,54.39194459424918,110.06659104024916,0.004192436118935866,-0.0006167504955670337
60,56,rdfbbx#6437,26.22230608726869,57.23108114039999,0.0,57.23108114039999,0.0049436317412612,0.0,45.65963444815047,6.555576521817173,52.21521096996764,109.44629211036764,0.004168808934577793,-0.0007748228066834072
61,53,BenjaminScholtz,0.0,60.76387885791,0.0,60.76387885791,0.0052487954841738,0.0,44.66906731857049,0.0,44.66906731857049,105.4329461764805,0.004015940600126879,-0.001232854884046921
62,66,aminlatifi,0.0,70.87696546892002,-22.983,47.89396546892,0.0041370899027082,9.1932,48.32034959653557,0.0,57.51354959653557,105.40751506545557,0.004014971929185061,-0.00012211797352313855
63,54,owocki,0.0,59.8037911477,0.0,59.8037911477,0.0051658629240332,0.0,45.007765255963726,0.0,45.007765255963726,104.81155640366373,0.0039922718655647105,-0.0011735910584684895
64,71,Letty#5399,42.71612235375152,41.49939373869999,0.0,41.49939373869999,0.0035847255729179,0.0,49.21395874020148,10.67903058843788,59.89298932863936,101.39238306733935,0.003862035563553078,0.00027730999063517794
65,59,niranb,0.0,54.2628921765,0.0,54.2628921765,0.0046872390105351,0.0,46.568318417845525,0.0,46.568318417845525,100.83121059434552,0.003840660505758551,-0.0008465785047765489
66,80,vivszaid,7.3345867359,70.6656279661,-39.40631492,31.259313046099997,0.0027001854430395,15.762525968,49.98178046786275,1.833646683975,67.57795311983776,98.83726616593776,0.0037647111685273223,0.0010645257254878224
67,63,fvigevani,0.0,50.4372833518,0.0,50.4372833518,0.0043567821881479,0.0,47.63686832109239,0.0,47.63686832109239,98.07415167289238,0.0037356441398014397,-0.0006211380483464603
68,64,randomshinichi,0.0,49.38864185546,0.0,49.38864185546,0.0042662003350148,0.0,47.87639852070246,0.0,47.87639852070246,97.26504037616246,0.0037048250929627028,-0.0005613752420520974
69,65,loie_giveth,1.0226303203,48.722746609280016,0.0,48.722746609280016,0.0042086801762169,0.0,48.104314018524185,0.255657580075,48.35997159859919,97.0827182078792,0.003697880442125702,-0.0005107997340911977
70,75,rubenrussel7,8.859418307399999,54.69109754096002,-16.940196295,37.750901245960016,0.0032609300740433,6.776078518,49.6929431645327,2.2148545768499996,58.6838762593827,96.43477750534271,0.003673200382731028,0.0004122703086877279
71,67,sherminv,0.0,47.6689631543,0.0,47.6689631543,0.0041176541597124,0.0,48.52425269113934,0.0,48.52425269113934,96.19321584543934,0.003663999299837867,-0.00045365485987453264
72,68,HBesso31,0.0,45.1746043666,0.0,45.1746043666,0.0039021909702837,0.0,48.715783884954526,0.0,48.715783884954526,93.89038825155453,0.0035762846037703344,-0.0003259063665133656
73,69,vntrp,0.0,44.68241912706001,0.0,44.68241912706001,0.0038596759151023,0.0,48.89471737509621,0.0,48.89471737509621,93.57713650215621,0.0035643528455857176,-0.0002953230695165823
74,70,pavl#1561,0.0,43.461648345,0.0,43.461648345,0.0037542255013282,0.0,49.06084141666122,0.0,49.06084141666122,92.52248976166122,0.0035241813544385782,-0.00023004414688962155
75,72,rosamoc,0.0,41.478691910200006,0.0,41.478691910200006,0.0035829373450104,0.0,49.353886942032695,0.0,49.353886942032695,90.8325788522327,0.0034598126530232588,-0.00012312469198714126
76,73,willjgriff,0.0,40.5110997165,0.0,40.5110997165,0.0034993565461498,0.0,49.48045884629788,0.0,49.48045884629788,89.99155856279788,0.003427778192749159,-7.157835340064131e-05
77,74,tylerdmace,0.0,39.785087338100006,0.0,39.785087338100006,0.003436643457966,0.0,49.5935228377794,0.0,49.5935228377794,89.3786101758794,0.0034044309905502577,-3.2212467415742175e-05
78,78,jwaup,7.994680376,32.16920196125,0.0,32.16920196125,0.0027787818216562,0.0,49.90822806670229,1.998670094,51.90689816070229,84.0761001219523,0.0032024583986765315,0.0004236765770203317
79,76,T Wells#9070,2.09273125,33.7707740026,0.0,33.7707740026,0.0029171259210821,0.0,49.77860020949553,0.5231828125,50.30178302199553,84.07255702459554,0.0032023234421089575,0.00028519752102685756
80,77,maghaali#6154,0.0,33.432968902000006,0.0,33.432968902000006,0.0028879462518462,0.0,49.85039073031265,0.0,49.85039073031265,83.28335963231265,0.003172262915830217,0.00028431666398401724
81,81,daithic,3.892197872,30.48126968392,0.0,30.48126968392,0.0026329779085196,0.0,49.997406523313366,0.973049468,50.970455991313365,81.45172567523336,0.003102495983959668,0.00046951807544006775
82,79,quartagiulio,0.0,31.3521829631,0.0,31.3521829631,0.0027082075642425,0.0,49.95204231478209,0.0,49.95204231478209,81.3042252778821,0.003096877694271867,0.00038867013002936686
83,86,krrisis,15.187494855199995,27.008109295510003,0.0,27.008109295510003,0.0023329656495076,0.0,49.8637917845138,3.796873713799999,53.6606654983138,80.6687747938238,0.0030726733872611495,0.0007397077377535497
84,92,lescanore,1.974723938,41.7330551127,-18.939972883,22.7930822297,0.0019688708049301,7.5759891532,49.2446647050428,0.4936809845,57.3143348427428,80.1074170724428,0.003051291273356117,0.001082420468426017
85,82,rodrigouy,0.0,29.826309694800003,0.0,29.826309694800003,0.0025764023393193,0.0,49.99890155519611,0.0,49.99890155519611,79.82521124999612,0.0030405420544349386,0.0004641397151156387
86,83,elihanover,0.0,29.5288690489,0.0,29.5288690489,0.002550709359405,0.0,49.986263752465625,0.0,49.986263752465625,79.51513280136562,0.003028731167266945,0.0004780218078619448
87,84,phil_h,0.0,27.8416406067,0.0,27.8416406067,0.0024049662436817,0.0,49.959508422624936,0.0,49.959508422624936,77.80114902932493,0.0029634455305877308,0.0005584792869060308
88,85,GraceRachmany,0.0,27.551938219330005,0.0,27.551938219330005,0.0023799416960201,0.0,49.918667960827655,0.0,49.918667960827655,77.47060618015766,0.0029508551544653516,0.0005709134584452515
89,100,acidlazzer#5796,15.348917809999998,36.3412276123,-17.943944355,18.3972832573,0.001589160848467,7.177577742,47.68849316788883,3.8372294524999995,58.70330036238883,77.10058361968883,0.002936760996259222,0.0013476001477922218
90,95,anthonyoliai,2.811239188,35.777942659500006,-14.426701857,21.3512408025,0.0018443242665223,5.770680742800001,48.75469313115487,0.702809797,55.22818367095488,76.57942447345488,0.0029169100459596345,0.0010725857794373346
91,87,fabianvb,0.0,25.0394381705,0.0,25.0394381705,0.0021629114609832,0.0,49.79494623376368,0.0,49.79494623376368,74.83438440426369,0.002850441475016139,0.0006875300140329389
92,88,MisterBoyfriend,0.0,24.6210018758,0.0,24.6210018758,0.0021267668537705,0.0,49.71221443765149,0.0,49.71221443765149,74.33321631345149,0.0028313519839569413,0.0007045851301864412
93,89,uPaul,0.0,24.2865676619,0.0,24.2865676619,0.0020978783623729,0.0,49.61569614697484,0.0,49.61569614697484,73.90226380887484,0.0028149370043645205,0.0007170586419916205
94,90,burrrata,0.0,23.5310329005,0.0,23.5310329005,0.002032615125096,0.0,49.50550753383224,0.0,49.50550753383224,73.03654043433224,0.00278196160365358,0.00074934647855758
95,91,felixfalafel,0.0,23.1000062885,0.0,23.1000062885,0.0019953829638655,0.0,49.38178095861133,0.0,49.38178095861133,72.48178724711133,0.0027608310564346764,0.0007654480925691765
96,93,aidanbrodieo,0.0,22.2740270344,0.0,22.2740270344,0.0019240347178281,0.0,49.09432268406184,0.0,49.09432268406184,71.36834971846184,0.002718420224345021,0.000794385506516921
97,94,anjablaj,0.0,22.0799017364,0.0,22.0799017364,0.001907266137437,0.0,48.93093410730534,0.0,48.93093410730534,71.01083584370534,0.0027048025219397398,0.0007975363845027397
98,96,abchewey,0.0,19.04731187624,0.0,19.04731187624,0.0016453104449674,0.0,48.5658084723153,0.0,48.5658084723153,67.6131203485553,0.002575383549033365,0.0009300731040659648
99,98,KZ Flyer#0926,1.396417248,18.8752905491,0.0,18.8752905491,0.0016304512098093,0.0,48.15101327781862,0.349104312,48.50011758981862,67.37540813891863,0.0025663290916891884,0.0009358778818798884
100,97,jameszaki,0.0,18.981994183060003,0.0,18.981994183060003,0.0016396682901307,0.0,48.36450299599407,0.0,48.36450299599407,67.34649717905407,0.0025652278733156227,0.0009255595831849227
101,101,pehkah,1.476690111,17.6147926152,0.0,17.6147926152,0.0015215691570566,0.0,47.44000019361954,0.36917252775,47.80917272136954,65.42396533656954,0.0024919986412656444,0.0009704294842090443
102,102,CoachB,0.0,17.0422665077,0.0,17.0422665077,0.001472114242326,0.0,47.18039677261155,0.0,47.18039677261155,64.22266328031155,0.002446241049585838,0.000974126807259838
103,103,pacobacpac,0.0,16.6967389949,0.0,16.6967389949,0.0014422675096465,0.0,46.909980629973205,0.0,46.909980629973205,63.60671962487321,0.0024227797576180984,0.0009805122479715983
104,108,danielo#2815,9.564292283,15.3254161094,0.0,15.3254161094,0.0013238123763659,0.0,45.406838451847165,2.39107307075,47.79791152259716,63.123327631997164,0.0024043673580753815,0.0010805549817094816
105,104,nikoline_nik,0.0,16.483517187100002,0.0,16.483517187100002,0.0014238493690843,0.0,46.629060092916745,0.0,46.629060092916745,63.11257728001675,0.0024039578772010487,0.0009801085081167487
106,105,freddbomba,0.0,16.0313658544,0.0,16.0313658544,0.0013847924504371,0.0,46.3379535058236,0.0,46.3379535058236,62.3693193602236,0.002375647185290127,0.0009908547348530267
107,106,moritzfelipe#9923,0.0,15.6930639763,0.0,15.6930639763,0.0013555698694658,0.0,46.03698863020739,0.0,46.03698863020739,61.730052606507385,0.0023512975165797126,0.0009957276471139127
108,107,sjdthree#8498,0.0,15.592628317,0.0,15.592628317,0.001346894217995,0.0,45.72650203115469,0.0,45.72650203115469,61.31913034815469,0.002335645489005218,0.0009887512710102181
109,109,gyalbo,0.0,15.124194049700002,0.0,15.124194049700002,0.001306430776341,0.0,45.078350177787264,0.0,45.078350177787264,60.202544227487266,0.002293114727055148,0.000986683950714148
110,110,dulcedu,0.0,14.9016334601,0.0,14.9016334601,0.0012872059500198,0.0,44.74139639236283,0.0,44.74139639236283,59.64302985246283,0.002271802826207247,0.000984596876187447
111,111,papa_raw,0.0,14.850377307900002,0.0,14.850377307900002,0.0012827784337838,0.0,44.39634252539339,0.0,44.39634252539339,59.2467198332934,0.0022567073787789303,0.0009739289449951303
112,112,marinam00,0.0,14.5306888092,0.0,14.5306888092,0.0012551636800871,0.0,44.04355959630338,0.0,44.04355959630338,58.57424840550338,0.0022310929441337413,0.0009759292640466413
113,113,paxthemax,0.0,14.1501454975,0.0,14.1501454975,0.0012222922759976,0.0,43.68342355356453,0.0,43.68342355356453,57.83356905106453,0.0022028804697693445,0.0009805881937717444
114,114,nathalia#0926,0.0,13.907708965,0.0,13.907708965,0.001201350561925,0.0,43.31631461204135,0.0,43.31631461204135,57.22402357704135,0.002179662884512305,0.0009783123225873052
115,115,existenialstoic,0.0,13.5083138607,0.0,13.5083138607,0.001166850736383,0.0,42.942616589860336,0.0,42.942616589860336,56.450930450560335,0.0021502157696691206,0.0009833650332861205
116,123,Gfriis,0.0,21.6646897812,-8.890309782,12.774379999199995,0.0011034533889732,3.5561239128,39.76255216254802,0.0,43.318676075348016,56.09305607454801,0.0021365843357720985,0.0010331309467988986
117,116,Luukweber,0.0,13.50209362486,0.0,13.50209362486,0.0011663134312208,0.0,42.562716246405,0.0,42.562716246405,56.064809871265005,0.002135508437974708,0.0009691950067539081
118,117,simunstrukan,0.0,13.4852712712,0.0,13.4852712712,0.0011648603130923,0.0,42.17700262301562,0.0,42.17700262301562,55.662273894215616,0.002120175843829625,0.000955315530737325
119,130,katalenacaban,0.0,28.306377008,-16.08295,12.223427008,0.0010558619641571,6.43318,36.8109297497399,0.0,43.2441097497399,55.4675367577399,0.0021127583068918233,0.0010568963427347233
120,119,David (please DYOR...)#4116,2.818030999,13.336736371,0.0,13.336736371,0.0011520298399878,0.0,41.38969918708306,0.70450774975,42.09420693683306,55.43094330783306,0.002111364462495845,0.0009593346225080452
121,118,jonassft,0.0,13.44042233082,0.0,13.44042233082,0.0011609862530396,0.0,41.78586638794421,0.0,41.78586638794421,55.22628871876421,0.0021035691698188465,0.0009425829167792465
122,120,cpt_grog,0.0,13.13422638246,0.0,13.13422638246,0.0011345369884233,0.0,40.98889300194729,0.0,40.98889300194729,54.12311938440729,0.0020615494532186555,0.0009270124647953555
123,121,sergei_tran,0.0,13.063496678699998,0.0,13.063496678699998,0.0011284273430769,0.0,40.58383951635116,0.0,40.58383951635116,53.64733619505116,0.002043426872978938,0.0009149995299020379
124,122,decentralizesdgs,0.0,12.8774484216,0.0,12.8774484216,0.0011123564590244,0.0,40.17492949317219,0.0,40.17492949317219,53.052377914772194,0.0020207649138873785,0.0009084084548629785
125,124,JoeZ#9988,0.0,11.565509243,0.9671689352,12.5326781782,0.0010825751394206,0.38686757408,39.347094622798,0.0,39.733962196878,52.266640375078,0.001990836173383249,0.0009082610339626489
126,125,mehigher,0.0,12.522976148700002,0.0,12.522976148700002,0.0010817370762557,0.0,38.92894125530596,0.0,38.92894125530596,51.45191740400596,0.001959803377885839,0.0008780663016301389
127,126,unquaLe,0.0,12.5139459842,0.0,12.5139459842,0.0010809570489181,0.0,38.50847315454087,0.0,38.50847315454087,51.02241913874087,0.0019434437902643852,0.0008624867413462851
128,127,sepu85,0.0,12.491058649719998,0.0,12.491058649719998,0.0010789800365857,0.0,38.08606757433055,0.0,38.08606757433055,50.577126224050545,0.001926482584494223,0.000847502547908523
129,128,d8n13l,0.0,12.463655747,0.0,12.463655747,0.0010766129686046,0.0,37.66209739143891,0.0,37.66209739143891,50.12575313843891,0.0019092897850321068,0.0008326768164275068
130,129,RenzoD5,0.0,12.3090168265,0.0,12.3090168265,0.0010632552290585,0.0,37.2369305874309,0.0,37.2369305874309,49.5459474139309,0.0018872049867439118,0.0008239497576854118
131,131,tjayrush,0.0,11.87266365523,0.0,11.87266365523,0.001025562958619,0.0,36.38445159278285,0.0,36.38445159278285,48.25711524801285,0.0018381133734525973,0.0008125504148335974
132,132,pprhsk,0.0,11.4956942899,0.0,11.4956942899,0.0009930002727009,0.0,35.95784649989558,0.0,35.95784649989558,47.45354078979558,0.0018075052247760162,0.0008145049520751162
133,133,lbagic,0.0,11.2466884033,0.0,11.2466884033,0.0009714910965639,0.0,35.53145808678893,0.0,35.53145808678893,46.77814649008893,0.001781779457948386,0.0008102883613844861
134,134,juliet_myea,0.0,11.1164859009,0.0,11.1164859009,0.0009602441794897,0.0,35.10562278715162,0.0,35.10562278715162,46.22210868805162,0.0017605999797550215,0.0008003558002653216
135,135,JoseVicente1,0.0,10.983432763499998,0.0,10.983432763499998,0.0009487510240186,0.0,34.68066946095187,0.0,34.68066946095187,45.66410222445187,0.0017393455152487137,0.0007905944912301137
136,136,Andfletcher,0.0,10.677081961400004,0.0,10.677081961400004,0.0009222883831066,0.0,34.256919025915394,0.0,34.256919025915394,44.9340009873154,0.001711535961340286,0.000789247578233686
137,137,mercedesrodsim,0.0,10.606293654800002,0.0,10.606293654800002,0.0009161736756357,0.0,33.834684112582266,0.0,33.834684112582266,44.440977767382265,0.0016927567083881718,0.0007765830327524718
138,138,auryn_macmillan,0.0,10.5804483882,0.0,10.5804483882,0.0009139411565607,0.0,33.41426874327098,0.0,33.41426874327098,43.99471713147098,0.0016757586421196381,0.0007618174855589381
139,139,crypt0dawg,0.0,10.57816728036,0.0,10.57816728036,0.000913744114029,0.0,32.995968035204626,0.0,32.995968035204626,43.574135315564625,0.0016597386820272188,0.0007459945679982188
140,140,ludo_lb,0.0,10.478473484,0.0,10.478473484,0.0009051325448209,0.0,32.580067927980345,0.0,32.580067927980345,43.05854141198034,0.00164009971180328,0.0007349671669823801
141,141,markusbkoch#6770,0.0,10.475044060999998,0.0,10.475044060999998,0.0009048363106059,0.0,32.166844935491575,0.0,32.166844935491575,42.64188899649157,0.0016242294225608503,0.0007193931119549503
142,142,ZER8üß†#9093,0.0,10.3580825992,0.0,10.3580825992,0.0008947331571526,0.0,31.756565922341903,0.0,31.756565922341903,42.1146485215419,0.0016041468344689233,0.0007094136773163234
143,143,chriscyber,0.0,10.2059980708,0.0,10.2059980708,0.0008815960664849,0.0,31.349487904719812,0.0,31.349487904719812,41.555485975519815,0.0015828483347866548,0.0007012522683017548
144,144,rogervs,0.0,10.2046413973,0.0,10.2046413973,0.0008814788767683,0.0,30.945857875636044,0.0,30.945857875636044,41.150499272936045,0.001567422392513399,0.0006859435157450989
145,145,petheth,0.0,10.0117509933,0.0,10.0117509933,0.0008648169667573,0.0,30.545912654359825,0.0,30.545912654359825,40.55766364765982,0.001544841285344457,0.000680024318587157
146,146,aaron_soskin,0.0,9.6389066313,0.0,9.6389066313,0.0008326105994162,0.0,30.14987875982628,0.0,30.14987875982628,39.78878539112628,0.0015155547148847897,0.0006829441154685898
147,147,nelsonm,0.0,9.4348926228,0.0,9.4348926228,0.0008149878303197,0.0,29.75797230772628,0.0,29.75797230772628,39.192864930526284,0.0014928561063477202,0.0006778682760280202
148,148,katebee,0.0,9.074957279,0.0,9.074957279,0.0007838965464411,0.0,29.37039893093109,0.0,29.37039893093109,38.44535620993109,0.0014643835014471393,0.0006804869550060393
149,149,Michal#7390,0.0,8.766776048,0.0,8.766776048,0.0007572757927305,0.0,28.987353722847384,0.0,28.987353722847384,37.754129770847385,0.0014380546884786498,0.0006807788957481497
150,153,A Mensch#5604,6.026104422,8.493298306100002,0.0,8.493298306100002,0.0007336527330495,0.0,27.503986261393685,1.5065261055,29.010512366893686,37.50381067299369,0.0014285200348005186,0.0006948673017510185
151,150,officialnico,0.0,8.7506688877,0.0,8.7506688877,0.0007558844531413,0.0,28.609021203245497,0.0,28.609021203245497,37.3596900909455,0.0014230304822673622,0.0006671460291260621
152,151,boring877,0.0,8.741788021800001,0.0,8.741788021800001,0.0007551173222453,0.0,28.23557530605212,0.0,28.23557530605212,36.97736332785212,0.0014084676570205769,0.0006533503347752769
153,152,thebeautyway,0.0,8.645482492000001,0.0,8.645482492000001,0.0007467984321512,0.0,27.86717938855142,0.0,27.86717938855142,36.51266188055142,0.0013907671803021439,0.0006439687481509438
154,154,antoniopaglino,0.0,8.319328663300002,0.0,8.319328663300002,0.0007186252020118,0.0,27.146138238768938,0.0,27.146138238768938,35.46546690206894,0.0013508795267474628,0.0006322543247356629
155,155,magentaceiba,0.0,8.2794747451,0.0,8.2794747451,0.0007151826129308,0.0,26.79376720806434,0.0,26.79376720806434,35.07324195316434,0.0013359396796331455,0.0006207570667023455
156,156,josiprajevic,0.0,7.976419574999999,0.0,7.976419574999999,0.0006890046493416,0.0,26.446994718289503,0.0,26.446994718289503,34.423414293289504,0.001311187746039176,0.0006221830966975761
157,157,PaulaBerman#9915,0.0,7.876736767,0.0,7.876736767,0.0006803940293102,0.0,26.10593208652149,0.0,26.10593208652149,33.98266885352149,0.0012943997535750141,0.0006140057242648142
158,158,JamesSimbouras,0.0,7.743445501,0.0,7.743445501,0.0006688803042451,0.0,25.77068052159257,0.0,25.77068052159257,33.51412602259257,0.0012765529585658316,0.0006076726543207316
159,159,castall,0.0,7.735005593500001,0.0,7.735005593500001,0.0006681512634201,0.0,25.441331264218984,0.0,25.441331264218984,33.17633685771899,0.001263686570300174,0.000595535306880074
160,162,Ekeneodigwe#1502,0.0,9.7292291872,-2.304283967,7.4249452202,0.000641368189038,0.9217135868,24.489463596066592,0.0,25.41117718286659,32.83612240306659,0.0012507278027541963,0.0006093596137161963
161,160,rpp63,0.0,7.550192527799998,0.0,7.550192527799998,0.0006521870754371,0.0,25.11796574274644,0.0,25.11796574274644,32.668158270546435,0.0012443300494558705,0.0005921429740187705
162,161,brutalfluffy,0.0,7.4457253478,0.0,7.4457253478,0.0006431631804368,0.0,24.80065574366952,0.0,24.80065574366952,32.246381091469516,0.0012282645579839095,0.0005851013775471094
163,163,morgangr,0.0,7.388952526800002,0.0,7.388952526800002,0.0006382591332941,0.0,24.18444236907981,0.0,24.18444236907981,31.57339489587981,0.0012026305158347912,0.0005643713825406912
164,164,sbilbao,0.0,7.178479320000001,0.0,7.178479320000001,0.0006200784174123,0.0,23.885636081559976,0.0,23.885636081559976,31.064115401559977,0.0011832320614405863,0.0005631536440282864
165,165,fahern#7639,0.0,7.0962771097,0.0,7.0962771097,0.0006129777747555,0.0,23.59307992299075,0.0,23.59307992299075,30.68935703269075,0.0011689575163068473,0.0005559797415513473
166,166,jakublanc,0.0,7.0762450689000005,0.0,7.0762450689000005,0.0006112474032377,0.0,23.306800484803123,0.0,23.306800484803123,30.383045553703123,0.0011572901130011267,0.0005460427097634267
167,167,Typto,0.0,7.0533432822,0.0,7.0533432822,0.0006092691425198,0.0,23.026816001190948,0.0,23.026816001190948,30.080159283390948,0.0011457531758834669,0.0005364840333636669
168,178,PKK777,14.521244912733996,5.6928078014,0.0,5.6928078014,0.0004917458273216,0.0,20.36008527713389,3.630311228183499,23.99039650531739,29.68320430671739,0.0011306331620257741,0.0006388873347041741
169,168,bradleyc#1813,0.0,6.788448365999999,0.0,6.788448365999999,0.0005863874689653,0.0,22.75313659854132,0.0,22.75313659854132,29.54158496454132,0.0011252388817117615,0.0005388514127464615
170,169,glefevre,0.0,6.717914856559999,0.0,6.717914856559999,0.0005802947709218,0.0,22.485764552598702,0.0,22.485764552598702,29.203679409158703,0.0011123680601319678,0.0005320732892101678
171,170,solarpunk_girl,0.0,6.2643369074,0.0,6.2643369074,0.0005411146208719,0.0,22.22469455248983,0.0,22.22469455248983,28.48903145988983,0.0010851471219115532,0.0005440325010396532
172,171,stephen_yo,0.0,6.262482599,0.0,6.262482599,0.0005409544453574,0.0,21.96991397074696,0.0,21.96991397074696,28.23239656974696,0.0010753718997242804,0.0005344174543668804
173,172,davidkish,0.0,6.250635029,0.0,6.250635029,0.0005399310499935,0.0,21.72140313848008,0.0,21.72140313848008,27.97203816748008,0.0010654548489714962,0.0005255237989779961
174,173,xlcrr,0.0,6.1595270937,0.0,6.1595270937,0.0005320611291069,0.0,21.479135624863478,0.0,21.479135624863478,27.638662718563477,0.001052756579133255,0.000520695450026355
175,174,johann#1308,0.0,6.002857093699999,0.0,6.002857093699999,0.0005185279445249,0.0,21.243078520119766,0.0,21.243078520119766,27.245935613819768,0.0010377976049045488,0.0005192696603796488
176,175,XQTStrategy,0.0,5.915470243,0.0,5.915470243,0.0005109794516381,0.0,21.013192721203552,0.0,21.013192721203552,26.928662964203554,0.0010257126906428262,0.0005147332390047261
177,176,NukeManDan,0.0,5.744592804200001,0.0,5.744592804200001,0.0004962190257736,0.0,20.789433219407822,0.0,20.789433219407822,26.534026023607822,0.0010106809707723082,0.0005144619449987081
178,177,willruddick,0.0,5.697661003,0.0,5.697661003,0.0004921650478046,0.0,20.571749389139427,0.0,20.571749389139427,26.269410392139427,0.0010006017621721486,0.0005084367143675485
179,179,bends#3537,0.0,5.543385256,0.0,5.543385256,0.0004788386792549,0.0,20.15437989140586,0.0,20.15437989140586,25.69776514740586,0.0009788277965338146,0.0004999891172789146
180,180,celineflash,0.0,5.5344894385,0.0,5.5344894385,0.0004780702568368,0.0,19.954567489258505,0.0,19.954567489258505,25.489056927758504,0.0009708781010803741,0.0004928078442435741
181,186,BK#7471,5.287923104,5.1343636797,0.0,5.1343636797,0.0004435073172193,0.0,18.875237195459903,1.321980776,20.197217971459903,25.3315816511599,0.0009648798682722917,0.0005213725510529917
182,181,penguin#5853,0.0,5.5181627137,0.0,5.5181627137,0.0004766599512242,0.0,19.76057786370329,0.0,19.76057786370329,25.27874057740329,0.000962867151933148,0.000486207200708948
183,183,melvera,1.114266762,5.450343069500001,0.0,5.450343069500001,0.0004708016773795,0.0,19.389765495423003,0.2785666905,19.668332185923003,25.118675255423003,0.0009567702643043319,0.0004859685869248319
184,182,orishim,0.0,5.5097259585,0.0,5.5097259585,0.0004759311826954,0.0,19.57233662767076,0.0,19.57233662767076,25.08206258617076,0.0009553756878435453,0.0004794445051481453
185,184,TokenBrice,0.0,5.3405835997,0.0,5.3405835997,0.0004613206333734,0.0,19.21278256060907,0.0,19.21278256060907,24.55336616030907,0.0009352376425857949,0.0004739170092123949
186,185,positonic,0.0,5.229128988599999,0.0,5.229128988599999,0.0004516931627374,0.0,19.04130257043602,0.0,19.04130257043602,24.27043155903602,0.00092446066448133,0.00047276750174392995
187,187,Revathi#5324,0.0,4.956377962,0.0,4.956377962,0.0004281328768632,0.0,18.71449529453298,0.0,18.71449529453298,23.670873256532982,0.0009016234905572058,0.0004734906136940058
188,188,WhyldWanderer#7002,0.0,4.928999411,0.0,4.928999411,0.0004257679123883,0.0,18.55898317447579,0.0,18.55898317447579,23.48798258547579,0.0008946571854512705,0.0004688892730629705
189,189,ryanchrypto,0.0,4.7544971553,0.0,4.7544971553,0.0004106943741463,0.0,18.40860484407469,0.0,18.40860484407469,23.163101999374692,0.0008822824849119104,0.0004715881107656104
190,190,CJ_33Logic#3171,0.0,4.746336727099999,0.0,4.746336727099999,0.0004099894747967,0.0,18.26326226203797,0.0,18.26326226203797,23.00959898913797,0.0008764355557175058,0.00046644608092080584
191,191,Lin#3884,0.0,4.716741347,0.0,4.716741347,0.0004074330202,0.0,18.122855578575333,0.0,18.122855578575333,22.839596925575332,0.0008699601776319521,0.00046252715743195214
192,192,exiledsurfer,0.0,4.64296860931,0.0,4.64296860931,0.0004010605170004,0.0,17.987283370297586,0.0,17.987283370297586,22.630251979607586,0.0008619862292748988,0.00046092571227449876
193,193,tunoncedemalis,0.0,4.5472097933,0.0,4.5472097933,0.000392788852148,0.0,17.856442868164365,0.0,17.856442868164365,22.403652661464363,0.000853355061934007,0.00046056620978600707
194,194,krisparuch,0.0,4.403308135,0.0,4.403308135,0.0003803585993655,0.0,17.730230178238987,0.0,17.730230178238987,22.133538313238986,0.0008430664072292494,0.0004627078078637494
195,195,chanate91,0.0,4.3976995539,0.0,4.3976995539,0.0003798741290568,0.0,17.60854049503943,0.0,17.60854049503943,22.006240048939432,0.0008382176167281233,0.00045834348767132324
196,196,acryptomuppet,0.0,4.33087943,0.0,4.33087943,0.0003741021939669,0.0,17.491268307304427,0.0,17.491268307304427,21.822147737304427,0.0008312055411362231,0.00045710334716932307
197,197,witwiki3,0.0,4.24344500482,0.0,4.24344500482,0.0003665495915874,0.0,17.378307596022328,0.0,17.378307596022328,21.621752600842328,0.0008235724909960987,0.0004570228994086987
198,198,hxrts,0.0,4.07626873771,0.0,4.07626873771,0.0003521088736418,0.0,17.26955202459872,0.0,17.26955202459872,21.34582076230872,0.0008130622481031427,0.0004609533744613427
199,199,Lydia#2825,0.0,3.9905164598,0.0,3.9905164598,0.0003447015754655,0.0,17.164895121065868,0.0,17.164895121065868,21.155411580865866,0.000805809562959418,0.000461107987493918
200,200,paul2#3057,0.0,3.9767121694,0.0,3.9767121694,0.000343509158219,0.0,17.064230452263587,0.0,17.064230452263587,21.040942621663586,0.000801449440650541,0.000457940282431541
201,201,bierlingm,0.0,3.92001971182,0.0,3.92001971182,0.000338612052884,0.0,16.967451789946328,0.0,16.967451789946328,20.887471501766328,0.0007956037261590699,0.00045699167327506993
202,202,Michel Bauwens#1511,0.0,3.8965481013,0.0,3.8965481013,0.0003365845706755,0.0,16.874453268795804,0.0,16.874453268795804,20.771001370095803,0.0007911673791969462,0.00045458280852144617
203,203,gagarine#9410,0.0,3.884220995,0.0,3.884220995,0.0003355197528742,0.0,16.785129536341636,0.0,16.785129536341636,20.669350531341635,0.0007872954990570657,0.0004517757461828657
204,204,thelastjosh,0.0,3.85650715565,0.0,3.85650715565,0.0003331258261276,0.0,16.6993758948148,0.0,16.6993758948148,20.5558830504648,0.0007829735230545677,0.0004498476969269677
205,205,eugene#1706,0.0,3.82212754,0.0,3.82212754,0.0003301561083485,0.0,16.61708843497971,0.0,16.61708843497971,20.43921597497971,0.0007785296745031444,0.00044837356615464444
206,206,REOS#2250,0.0,3.7395799033,0.0,3.7395799033,0.0003230256276931,0.0,16.538164162010695,0.0,16.538164162010695,20.277744065310696,0.0007723792099535304,0.0004493535822604304
207,207,AdaptDAO,0.0,3.6419894742,0.0,3.6419894742,0.0003145957477515,0.0,16.462501113497524,0.0,16.462501113497524,20.104490587697523,0.000765779985516652,0.00045118423776515195
208,252,Mettodo#7010,9.233151810219947,2.4985588648,0.0,2.4985588648,0.0002158259928924,0.0,15.0,2.308287952554987,17.308287952554988,19.806846817354987,0.0007544427352069373,0.0005386167423145373
209,217,adnfx2#9648,3.1781185664,3.2605048563000003,0.0,3.2605048563000003,0.0002816430334523,0.0,14.999999999999998,0.7945296416,15.794529641599999,19.0550344979,0.0007258062062388379,0.0004441631727865379
210,208,CodersInBlack,0.0,3.5791253101,0.0,3.5791253101,0.0003091655292262,0.0,15.0,0.0,15.0,18.5791253101,0.000707678826718775,0.00039851329749257503
211,209,The Blockchain Socialist#5005,0.0,3.5453632533,0.0,3.5453632533,0.0003062491562987,0.0,15.0,0.0,15.0,18.5453632533,0.0007063928300776497,0.0004001436737789497
212,210,Julio Holon#2942,0.0,3.466594479,0.0,3.466594479,0.0002994450945007,0.0,15.000000000000002,0.0,15.000000000000002,18.466594479,0.0007033925277034363,0.00040394743320273636
213,211,Smokyish,0.0,3.4601946733,0.0,3.4601946733,0.0002988922780596,0.0,15.000000000000002,0.0,15.000000000000002,18.460194673300002,0.0007031487591237314,0.00040425648106413143
214,212,alexholman,0.0,3.4496939318,0.0,3.4496939318,0.0002979852219993,0.0,15.0,0.0,15.0,18.4496939318,0.0007027487859118408,0.00040476356391254084
215,241,Tyrannosaurus#3104,2.253142836,2.801463604,0.0,2.801463604,0.0002419909622316,0.0,14.999999999999998,0.563285709,15.563285708999999,18.364749312999997,0.0006995132456393512,0.00045752228340775123
216,213,willyogo,0.0,3.323506846,0.0,3.323506846,0.0002870851573793,0.0,15.0,0.0,15.0,18.323506846,0.000697942320196393,0.00041085716281709297
217,272,üêôMusashi13#5579,5.029340499151515,2.0559053417,0.0,2.0559053417,0.0001775894968561,0.0,15.0,1.2573351247878788,16.25733512478788,18.31324046648788,0.0006975512738319101,0.0005199617769758101
218,216,jodisattva,0.0,3.2800464337,0.0,3.2800464337,0.0002833310386478,0.0,15.0,0.0,15.0,18.2800464337,0.0006962869132236838,0.0004129558745758838
219,215,tawhuac,0.0,3.2800464337,0.0,3.2800464337,0.0002833310386478,0.0,15.0,0.0,15.0,18.2800464337,0.0006962869132236838,0.0004129558745758838
220,214,nyanncatt,0.0,3.2800464337,0.0,3.2800464337,0.0002833310386478,0.0,15.0,0.0,15.0,18.2800464337,0.0006962869132236838,0.0004129558745758838
221,218,jelena_dragovic,0.0,3.221203688,0.0,3.221203688,0.0002782481910135,0.0,15.0,0.0,15.0,18.221203688,0.0006940455932184168,0.0004157974022049168
222,219,adriazero,0.0,3.21088473,0.0,3.21088473,0.0002773568374467,0.0,15.0,0.0,15.0,18.21088473,0.0006936525441394901,0.00041629570669279007
223,220,staccop2p,0.0,3.203709809,0.0,3.203709809,0.0002767370663976,0.0,15.0,0.0,15.0,18.203709809,0.0006933792514203586,0.00041664218502275867
224,221,Yalormewn,0.0,3.1784254236,0.0,3.1784254236,0.0002745529963481,0.0,15.0,0.0,15.0,18.1784254236,0.0006924161692571499,0.0004178631729090499
225,222,tze42,0.0,3.1374113437,0.0,3.1374113437,0.0002710101922774,0.0,15.000000000000002,0.0,15.000000000000002,18.137411343700002,0.000690853943078138,0.00041984375080073797
226,223,matslats,0.0,3.1168436076,0.0,3.1168436076,0.0002692335472971,0.0,15.0,0.0,15.0,18.1168436076,0.0006900705180724625,0.0004208369707753625
227,224,ComandoBurrito,0.0,3.1167271585,0.0,3.1167271585,0.0002692234884015,0.0,14.999999999999998,0.0,14.999999999999998,18.116727158499998,0.0006900660825265966,0.0004208425941250966
228,225,kei#9866,0.0,3.1091887338,0.0,3.1091887338,0.0002685723178333,0.0,15.0,0.0,15.0,18.1091887338,0.0006897789439526346,0.00042120662611933463
229,226,Pineapple#7041,0.0,3.1091513277,0.0,3.1091513277,0.0002685690866872,0.0,15.000000000000002,0.0,15.000000000000002,18.1091513277,0.0006897775191543992,0.0004212084324671992
230,227,independentcurrencies,0.0,3.07250183,0.0,3.07250183,0.0002654032960623,0.0,15.0,0.0,15.0,18.07250183,0.0006883815398981491,0.00042297824383584915
231,228,andythegreenie#7463,0.0,3.0717162562,0.0,3.0717162562,0.0002653354380471,0.0,14.999999999999998,0.0,14.999999999999998,18.0717162562,0.0006883516173944894,0.0004230161793473894
232,229,hanners717,0.0,3.0651496584,0.0,3.0651496584,0.0002647682140725,0.0,15.0,0.0,15.0,18.0651496584,0.0006881014957042012,0.0004233332816317012
233,230,barlin#4926,0.0,3.044940949,0.0,3.044940949,0.0002630225818871,0.0,15.0,0.0,15.0,18.044940949,0.0006873317460244401,0.00042430916413734016
234,231,Mateo#5403,0.0,3.043916953,0.0,3.043916953,0.0002629341289167,0.0,15.0,0.0,15.0,18.043916953,0.0006872927420199054,0.0004243586131032054
235,232,Seedsalchemist,0.0,3.0255309855,0.0,3.0255309855,0.0002613459455255,0.0,15.000000000000002,0.0,15.000000000000002,18.0255309855,0.0006865924205735876,0.0004252464750480877
236,233,kentphilly,0.0,2.9704038748,0.0,2.9704038748,0.0002565840551535,0.0,14.999999999999998,0.0,14.999999999999998,17.9704038748,0.0006844926290942027,0.0004279085739407027
237,234,davidhq,0.0,2.9259375179,0.0,2.9259375179,0.0002527430427349,0.0,15.0,0.0,15.0,17.9259375179,0.0006827989056947301,0.0004300558629598301
238,235,cemfd,0.0,2.915896682,0.0,2.915896682,0.0002518757134084,0.0,15.0,0.0,15.0,17.915896682,0.0006824164502857488,0.00043054073687734883
239,236,edendh,0.0,2.8903000732,0.0,2.8903000732,0.0002496646734418,0.0,15.0,0.0,15.0,17.8903000732,0.0006814414755341809,0.0004317768020923809
240,237,blackboxdotart,0.0,2.873119248,0.0,2.873119248,0.0002481805904731,0.0,15.000000000000002,0.0,15.000000000000002,17.873119248000002,0.0006807870579544155,0.0004326064674813155
241,238,oedth,0.0,2.8700108485,0.0,2.8700108485,0.0002479120863294,0.0,15.000000000000002,0.0,15.000000000000002,17.8700108485,0.000680668659026887,0.00043275657269748705
242,239,innov8tor3#3988,0.0,2.8575040443,0.0,2.8575040443,0.0002468317461892,0.0,15.0,0.0,15.0,17.8575040443,0.000680192274892837,0.00043336052870363706
243,240,airnova#1324,0.0,2.8575040443,0.0,2.8575040443,0.0002468317461892,0.0,15.0,0.0,15.0,17.8575040443,0.000680192274892837,0.00043336052870363706
244,242,rodbot2#3621,0.0,2.7575988002000003,0.0,2.7575988002000003,0.0002382019120849,0.0,15.0,0.0,15.0,17.7575988002,0.00067638688444804,0.0004381849723631401
245,243,monstros1ty,0.0,2.7364985381,0.0,2.7364985381,0.0002363792674067,0.0,15.000000000000002,0.0,15.000000000000002,17.7364985381,0.0006755831755286396,0.0004392039081219396
246,244,IvanThinking,0.0,2.7243435545,0.0,2.7243435545,0.0002353293175973,0.0,15.0,0.0,15.0,17.7243435545,0.0006751201922401766,0.0004397908746428766
247,245,tech_digger,0.0,2.713596376,0.0,2.713596376,0.0002344009742617,0.0,14.999999999999998,0.0,14.999999999999998,17.713596375999998,0.0006747108322437033,0.0004403098579820033
248,246,ferdinandrg,0.0,2.7116175664,0.0,2.7116175664,0.0002342300443098,0.0,15.000000000000002,0.0,15.000000000000002,17.7116175664,0.0006746354593920404,0.0004404054150822404
249,247,BlockEnthusiast,0.0,2.6809759145,0.0,2.6809759145,0.0002315832125548,0.0,15.0,0.0,15.0,17.6809759145,0.0006734683189640931,0.0004418851064092931
250,248,deam123,0.0,2.62036064,0.0,2.62036064,0.0002263472535435,0.0,15.000000000000002,0.0,15.000000000000002,17.62036064,0.0006711594833422096,0.0004448122297987096
251,249,MikeGilliland#3316,0.0,2.6093077453,0.0,2.6093077453,0.0002253925023841,0.0,15.0,0.0,15.0,17.6093077453,0.0006707384786166055,0.0004453459762325055
252,250,terry#6288,0.0,2.5406166401,0.0,2.5406166401,0.0002194589515714,0.0,15.000000000000002,0.0,15.000000000000002,17.5406166401,0.0006681220346278497,0.0004486630830564497
253,251,gcrewe,0.0,2.528591449,0.0,2.528591449,0.0002184202132629,0.0,15.0,0.0,15.0,17.528591449,0.0006676639951353182,0.0004492437818724182
254,253,nic#9212,0.0,2.4941261857,0.0,2.4941261857,0.0002154430972235,0.0,15.0,0.0,15.0,17.4941261857,0.0006663512133607403,0.0004509081161372403
255,254,Atotsm#5719,0.0,2.4281161125,0.0,2.4281161125,0.000209741134468,0.0,15.0,0.0,15.0,17.4281161125,0.000663836889872734,0.000454095755404734
256,255,matiasbd,0.0,2.4142701941,0.0,2.4142701941,0.0002085451213869,0.0,14.999999999999998,0.0,14.999999999999998,17.4142701941,0.000663309498882867,0.0004547643774959671
257,256,Pronoiaüêô#2154,0.0,2.4084554497,0.0,2.4084554497,0.0002080428426529,0.0,15.0,0.0,15.0,17.4084554497,0.0006630880152863048,0.0004550451726334048
258,257,freshelle,0.0,2.396377468,0.0,2.396377468,0.0002069995442823,0.0,15.0,0.0,15.0,17.396377468,0.0006626279649999795,0.00045562842071767947
259,258,Bagholder McFomo III üêô#9024,0.0,2.3877968397,0.0,2.3877968397,0.0002062583479676,0.0,15.000000000000002,0.0,15.000000000000002,17.387796839700002,0.0006623011288940541,0.00045604278092645407
260,259,jantinine,0.0,2.3823816619,0.0,2.3823816619,0.000205790583873,0.0,14.999999999999998,0.0,14.999999999999998,17.3823816619,0.000662094864788074,0.00045630428091507396
261,260,harsh24#4473,0.0,2.3781057123,0.0,2.3781057123,0.0002054212265282,0.0,14.999999999999998,0.0,14.999999999999998,17.3781057123,0.0006619319938807772,0.00045651076735257724
262,261,wertuals,0.0,2.358338179,0.0,2.358338179,0.0002037137032189,0.0,15.0,0.0,15.0,17.358338179,0.0006611790485973271,0.00045746534537842714
263,262,jantanner#2104,0.0,2.3170985533,0.0,2.3170985533,0.0002001514164588,0.0,15.0,0.0,15.0,17.3170985533,0.0006596082313794771,0.00045945681492067707
264,263,JohnKellden,0.0,2.2896609936,0.0,2.2896609936,0.0001977813548012,0.0,15.000000000000002,0.0,15.000000000000002,17.289660993600002,0.0006585631348137112,0.00046078178001251124
265,264,META_DREAMER,0.0,2.2852713397,0.0,2.2852713397,0.0001974021756573,0.0,15.0,0.0,15.0,17.2852713397,0.0006583959329099721,0.00046099375725267217
266,265,flakoubay,0.0,2.245699756,0.0,2.245699756,0.0001939839746844,0.0,15.0,0.0,15.0,17.245699756,0.0006568886514068437,0.0004629046767224437
267,266,FutureMike#3316,0.0,2.244644384,0.0,2.244644384,0.0001938928114491,0.0,15.0,0.0,15.0,17.244644384,0.0006568484522905642,0.0004629556408414642
268,267,michaelr10,0.0,2.2091006079,0.0,2.2091006079,0.0001908225332675,0.0,14.999999999999998,0.0,14.999999999999998,17.209100607899998,0.000655494589966705,0.00046467205669920497
269,268,ActiveInferenceLab#3629,0.0,2.201633887,0.0,2.201633887,0.0001901775564873,0.0,15.0,0.0,15.0,17.201633887,0.0006552101825902676,0.0004650326261029676
270,269,taxil#8577,0.0,2.1984172507,0.0,2.1984172507,0.0001898997028281,0.0,15.0,0.0,15.0,17.1984172507,0.0006550876609233553,0.0004651879580952553
271,270,hanna_nevermind,0.0,2.0786292699,0.0,2.0786292699,0.0001795523941227,0.0,14.999999999999998,0.0,14.999999999999998,17.0786292699,0.0006505249370979515,0.0004709725429752515
272,271,ubipromoter,0.0,2.0588731577,0.0,2.0588731577,0.0001778458573701,0.0,15.0,0.0,15.0,17.0588731577,0.0006497724268441658,0.0004719265694740658
273,273,Andeh#4874,0.0,2.0502654597,0.0,2.0502654597,0.0001771023227696,0.0,15.0,0.0,15.0,17.0502654597,0.0006494445596534494,0.00047234223688384945
274,274,Liam ¬¨ LTF#1024,0.0,2.0480669118,0.0,2.0480669118,0.0001769124117813,0.0,15.0,0.0,15.0,17.0480669118,0.0006493608169706057,0.0004724484051893057
275,275,Lanski13,0.0,1.9259787952,0.0,1.9259787952,0.0001663664169053,0.0,14.999999999999998,0.0,14.999999999999998,16.9259787952,0.0006447104809795554,0.00047834406407425535
276,276,eskalexia,0.0,1.8987097661,0.0,1.8987097661,0.0001640109129531,0.0,15.000000000000002,0.0,15.000000000000002,16.8987097661,0.0006436718037438323,0.00047966089079073233
277,277,Guy James#3266,0.0,1.8869208749,0.0,1.8869208749,0.0001629925862752,0.0,15.0,0.0,15.0,16.8869208749,0.0006432227649137752,0.0004802301786385752
278,278,ontologymachine,0.0,1.8768355651,0.0,1.8768355651,0.0001621214152847,0.0,14.999999999999998,0.0,14.999999999999998,16.8768355651,0.0006428386154940778,0.00048071720020937775
279,279,adriamb,0.0,1.8466594255,0.0,1.8466594255,0.0001595147945712,0.0,15.0,0.0,15.0,16.8466594255,0.0006416892064282258,0.00048217441185702584
280,280,Will | Regen Foundation#6405,0.0,1.779980357,0.0,1.779980357,0.0001537550438737,0.0,15.0,0.0,15.0,16.779980357,0.0006391494009112713,0.00048539435703757127
281,281,Christian_RegenNetwork#5044,0.0,1.779980357,0.0,1.779980357,0.0001537550438737,0.0,15.0,0.0,15.0,16.779980357,0.0006391494009112713,0.00048539435703757127
282,282,arcorren,0.0,1.7522973951999998,0.0,1.7522973951999998,0.0001513637843357,0.0,15.0,0.0,15.0,16.7522973952,0.0006380949569802604,0.00048673117264456044
283,283,victorid,0.0,1.7145449920499998,0.0,1.7145449920499998,0.0001481027245269,0.0,15.000000000000002,0.0,15.000000000000002,16.71454499205,0.0006366569680587648,0.0004885542435318648
284,284,HazardJ#9101,0.0,1.6873496171000002,0.0,1.6873496171000002,0.0001457535828344,0.0,15.0,0.0,15.0,16.6873496171,0.0006356210963093917,0.0004898675134749918
285,285,Mayu ‚ò™Dev Protocolüåü#8814,0.0,1.6225238422,0.0,1.6225238422,0.0001401539199928,0.0,15.0,0.0,15.0,16.6225238422,0.0006331518827400409,0.0004929979627472409
286,286,barnabemonnot,0.0,1.612069523,0.0,1.612069523,0.0001392508738996,0.0,14.999999999999998,0.0,14.999999999999998,16.612069523,0.0006327536777534165,0.0004935028038538166
287,287,xibot0x,0.0,1.5760864361999998,0.0,1.5760864361999998,0.0001361426479757,0.0,15.0,0.0,15.0,16.5760864362,0.0006313830820863267,0.0004952404341106267
288,288,proofoftom,0.0,1.5742291319,0.0,1.5742291319,0.0001359822136748,0.0,15.000000000000002,0.0,15.000000000000002,16.5742291319,0.0006313123373711721,0.0004953301236963721
289,289,hypereum,0.0,1.5244538751,0.0,1.5244538751,0.0001316826174669,0.0,15.0,0.0,15.0,16.5244538751,0.0006294163979906083,0.0004977337805237083
290,290,wipabramson,0.0,1.5242631718,0.0,1.5242631718,0.0001316661444794,0.0,15.000000000000002,0.0,15.000000000000002,16.5242631718,0.0006294091341024896,0.0004977429896230895
291,291,jasselnorm,0.0,1.5242631718,0.0,1.5242631718,0.0001316661444794,0.0,15.000000000000002,0.0,15.000000000000002,16.5242631718,0.0006294091341024896,0.0004977429896230895
292,292,OKDuncan,0.0,1.5107935622,0.0,1.5107935622,0.0001305026370244,0.0,15.0,0.0,15.0,16.5107935622,0.0006288960767136734,0.0004983934396892733
293,293,JoeEchidna,0.0,1.5082074611,0.0,1.5082074611,0.0001302792491165,0.0,15.0,0.0,15.0,16.5082074611,0.000628797572130617,0.0004985183230141171
294,294,maZed#4761,0.0,1.502746594,0.0,1.502746594,0.0001298075383714,0.0,15.000000000000002,0.0,15.000000000000002,16.502746594,0.0006285895677193386,0.0004987820293479386
295,295,Michiel üêô#0195,0.0,1.502746594,0.0,1.502746594,0.0001298075383714,0.0,15.000000000000002,0.0,15.000000000000002,16.502746594,0.0006285895677193386,0.0004987820293479386
296,296,shrutiappiah1,0.0,1.482370947,0.0,1.482370947,0.0001280474860842,0.0,15.0,0.0,15.0,16.482370947,0.0006278134593868997,0.0004997659733026997
297,297,willszal#6405,0.0,1.481151607,0.0,1.481151607,0.0001279421592617,0.0,15.000000000000002,0.0,15.000000000000002,16.481151607,0.0006277670147299975,0.0004998248554682975
298,298,SweptbackCat#9656,0.0,1.465742987,0.0,1.465742987,0.0001266111597173,0.0,14.999999999999998,0.0,14.999999999999998,16.465742987,0.0006271801004409254,0.0005005689407236254
299,300,hernandoagf#3014,0.0,1.396417248,0.0,1.396417248,0.0001206227891156,0.0,14.999999999999998,0.0,14.999999999999998,16.396417248,0.0006245394832526522,0.0005039166941370522
300,299,Christel#2333,0.0,1.396417248,0.0,1.396417248,0.0001206227891156,0.0,14.999999999999998,0.0,14.999999999999998,16.396417248,0.0006245394832526522,0.0005039166941370522
301,301,ZoushHoang#2376,0.0,1.3843666391,0.0,1.3843666391,0.0001195818552127,0.0,15.000000000000002,0.0,15.000000000000002,16.3843666391,0.0006240804755961959,0.0005044986203834959
302,302,cyotee,0.0,1.36032556,0.0,1.36032556,0.0001175051821992,0.0,15.0,0.0,15.0,16.36032556,0.0006231647509661837,0.0005056595687669837
303,303,cannabiscommunitycare,0.0,1.312831992,0.0,1.312831992,0.0001134026787065,0.0,15.0,0.0,15.0,16.312831992,0.0006213557211050924,0.0005079530423985923
304,304,harithk17,0.0,1.3054888174,0.0,1.3054888174,0.0001127683738793,0.0,15.0,0.0,15.0,16.3054888174,0.0006210760196068472,0.0005083076457275472
305,305,mikaelseppala#6132,0.0,1.3054888174,0.0,1.3054888174,0.0001127683738793,0.0,15.0,0.0,15.0,16.3054888174,0.0006210760196068472,0.0005083076457275472
306,306,lalogarza,0.0,1.2904090844999998,0.0,1.2904090844999998,0.0001114657836656,0.0,14.999999999999998,0.0,14.999999999999998,16.2904090845,0.0006205016326264168,0.0005090358489608168
307,307,DeepTroop#4783,0.0,1.21627467,0.0,1.21627467,0.0001050620387539,0.0,15.0,0.0,15.0,16.21627467,0.0006176778530029315,0.0005126158142490315
308,308,macerer,0.0,1.13926795335,0.0,1.13926795335,9.84101838329075e-05,0.0,15.0,0.0,15.0,16.13926795335,0.000614744667399263,0.0005163344835663555
309,309,vasileios_panagiotidis,0.0,1.1370857888,0.0,1.1370857888,9.822168804147612e-05,0.0,15.0,0.0,15.0,16.1370857888,0.0006146615487581711,0.000516439860716695
310,310,eeeit,0.0,1.1104215169,0.0,1.1104215169,9.591842313199304e-05,0.0,15.0,0.0,15.0,16.1104215169,0.0006136459067223621,0.0005177274835903691
311,311,maxsong123,0.0,1.105919252,0.0,1.105919252,9.552951662832936e-05,0.0,15.0,0.0,15.0,16.105919252,0.0006134744154659746,0.0005179448988376453
312,312,Leanne#9678,0.0,1.0995529865,0.0,1.0995529865,9.497959739612248e-05,0.0,15.0,0.0,15.0,16.0995529865,0.0006132319244323859,0.0005182523270362634
313,313,Miles#9305,0.0,1.0967063902,0.0,1.0967063902,9.47337078629733e-05,0.0,15.000000000000002,0.0,15.000000000000002,16.0967063902,0.0006131234975879516,0.0005183897897249783
314,314,Marc#9662,0.0,1.058885868,0.0,1.058885868,9.146676391759652e-05,0.0,15.0,0.0,15.0,16.058885868,0.0006116829140120478,0.0005202161500944513
315,315,Shaila#4348,0.0,1.058885868,0.0,1.058885868,9.146676391759652e-05,0.0,15.0,0.0,15.0,16.058885868,0.0006116829140120478,0.0005202161500944513
316,316,joaonit#7081,0.0,1.058885868,0.0,1.058885868,9.146676391759652e-05,0.0,15.0,0.0,15.0,16.058885868,0.0006116829140120478,0.0005202161500944513
317,317,üêô Misanth üêô#7407,0.0,1.058885868,0.0,1.058885868,9.146676391759652e-05,0.0,15.0,0.0,15.0,16.058885868,0.0006116829140120478,0.0005202161500944513
318,318,Elementarycomplexity,0.0,1.0551566977,0.0,1.0551566977,9.11446374734285e-05,0.0,15.0,0.0,15.0,16.0551566977,0.0006115408699266298,0.0005203962324532013
319,319,revxzx,0.0,1.0521052796,0.0,1.0521052796,9.088105539399844e-05,0.0,15.0,0.0,15.0,16.0521052796,0.0006114246414204545,0.000520543586026456
320,320,Raul#2668,0.0,1.044089456,0.0,1.044089456,9.018864701743644e-05,0.0,15.000000000000002,0.0,15.000000000000002,16.044089456000002,0.0006111193187238393,0.0005209306717064029
321,321,dunks411 | Adept Camp#2178,0.0,1.036241858,0.0,1.036241858,8.951077000039591e-05,0.0,15.0,0.0,15.0,16.036241858,0.0006108204037398178,0.0005213096337394219
322,322,CaseyR#2795,0.0,1.036241858,0.0,1.036241858,8.951077000039591e-05,0.0,15.0,0.0,15.0,16.036241858,0.0006108204037398178,0.0005213096337394219
323,323,ethicraul,0.0,1.0129349237,0.0,1.0129349237,8.7497512555297e-05,0.0,15.000000000000002,0.0,15.000000000000002,16.0129349237,0.0006099326426830113,0.0005224351301277143
324,324,keepitsane#8407,0.0,0.9913795917,0.0,0.9913795917,8.563555885207748e-05,0.0,15.0,0.0,15.0,15.9913795917,0.0006091116001524998,0.0005234760413004223
325,325,kyle_stargarden,0.0,0.9905490278,0.0,0.9905490278,8.556381458344987e-05,0.0,15.0,0.0,15.0,15.9905490278,0.0006090799639760676,0.0005235161493926178
326,326,viken33,0.0,0.9846664665,0.0,0.9846664665,8.505567781260584e-05,0.0,15.0,0.0,15.0,15.9846664665,0.00060885589723399,0.0005238002194213841
327,327,notsure1#0821,0.0,0.9705831694,0.0,0.9705831694,8.383915991397706e-05,0.0,15.0,0.0,15.0,15.9705831694,0.0006083194644901598,0.0005244803045761828
328,328,jakubgregus,0.0,0.93188811964,0.0,0.93188811964,8.049667411060852e-05,0.0,15.0,0.0,15.0,15.93188811964,0.0006068455701621479,0.0005263488960515394
329,329,igorline,0.0,0.9075640141,0.0,0.9075640141,7.839555321914161e-05,0.0,15.0,0.0,15.0,15.9075640141,0.0006059190650558944,0.0005275235118367528
330,330,edapt,0.0,0.9037285626,0.0,0.9037285626,7.806424618457848e-05,0.0,15.0,0.0,15.0,15.9037285626,0.0006057729727198907,0.0005277087265353123
331,331,Nestor#8357,0.0,0.8753591183,0.0,0.8753591183,7.561368815686334e-05,0.0,15.0,0.0,15.0,15.8753591183,0.0006046923806725368,0.0005290786925156734
332,332,arrow#5491,0.0,0.8591703229,0.0,0.8591703229,7.421529691214982e-05,0.0,15.0,0.0,15.0,15.8591703229,0.0006040757495048448,0.000529860452592695
333,333,santosthegreat,0.0,0.8303726279,0.0,0.8303726279,7.172774650701404e-05,0.0,15.0,0.0,15.0,15.8303726279,0.0006029788453896265,0.0005312510988826124
334,334,Wunluv,0.0,0.8217854554999999,0.0,0.8217854554999999,7.098598491176862e-05,0.0,15.0,0.0,15.0,15.8217854555,0.0006026517600189519,0.0005316657751071833
335,335,stan#3519,0.0,0.8170434755,0.0,0.8170434755,7.057637177189248e-05,0.0,15.0,0.0,15.0,15.8170434755,0.0006024711380151323,0.0005318947662432399
336,336,blockchainberlin,0.0,0.8060347613,0.0,0.8060347613,6.962543693255086e-05,0.0,15.0,0.0,15.0,15.8060347613,0.0006020518161246393,0.0005324263791920884
337,339,CurlyBracketEffect#5572,0.0,0.8057373328,0.0,0.8057373328,6.959974500180175e-05,0.0,15.0,0.0,15.0,15.8057373328,0.0006020404870739763,0.0005324407420721746
338,337,Darren432,0.0,0.8057373328,0.0,0.8057373328,6.959974500180175e-05,0.0,15.0,0.0,15.0,15.8057373328,0.0006020404870739763,0.0005324407420721746
339,338,stefdelev#6019,0.0,0.8057373328,0.0,0.8057373328,6.959974500180175e-05,0.0,15.0,0.0,15.0,15.8057373328,0.0006020404870739763,0.0005324407420721746
340,340,monsterplayaus,0.0,0.7967939956,0.0,0.7967939956,6.882721782297283e-05,0.0,15.0,0.0,15.0,15.7967939956,0.0006016998353871498,0.000532872617564177
341,341,SteffClearTeam#6495,0.0,0.7886151997,0.0,0.7886151997,6.812073186794872e-05,0.0,15.0,0.0,15.0,15.7886151997,0.0006013883050761218,0.0005332675732081731
342,342,JohnnyPedala#5454,0.0,0.7886151997,0.0,0.7886151997,6.812073186794872e-05,0.0,15.0,0.0,15.0,15.7886151997,0.0006013883050761218,0.0005332675732081731
343,343,CryptoDude#5999,0.0,0.7886151997,0.0,0.7886151997,6.812073186794872e-05,0.0,15.0,0.0,15.0,15.7886151997,0.0006013883050761218,0.0005332675732081731
344,344,ejlsh-dt#8607,0.0,0.7886151997,0.0,0.7886151997,6.812073186794872e-05,0.0,15.0,0.0,15.0,15.7886151997,0.0006013883050761218,0.0005332675732081731
345,345,cryptononymouseconomist,0.0,0.7869732244,0.0,0.7869732244,6.797889772730872e-05,0.0,15.0,0.0,15.0,15.7869732244,0.0006013257622419243,0.0005333468645146156
346,346,W A L Y D#4325,0.0,0.7748396168,0.0,0.7748396168,6.693079438080343e-05,0.0,15.0,0.0,15.0,15.7748396168,0.0006008635931652365,0.0005339327987844331
347,347,vanjeer#1629,0.0,0.7748396168,0.0,0.7748396168,6.693079438080343e-05,0.0,15.0,0.0,15.0,15.7748396168,0.0006008635931652365,0.0005339327987844331
348,348,charingane,0.0,0.7498623985,0.0,0.7498623985,6.477325748414105e-05,0.0,15.0,0.0,15.0,15.7498623985,0.0005999122109959352,0.0005351389535117942
349,349,quentin_hb,0.0,0.7446313271,0.0,0.7446313271,6.432139653553513e-05,0.0,15.0,0.0,15.0,15.7446313271,0.000599712959502173,0.0005353915629666379
350,350,supernova_labs,0.0,0.7368884755,0.0,0.7368884755,6.3652567532572e-05,0.0,15.0,0.0,15.0,15.7368884755,0.0005994180343082099,0.0005357654667756379
351,351,fenjamin,0.0,0.7347399765,0.0,0.7347399765,6.346697977779219e-05,0.0,15.0,0.0,15.0,15.7347399765,0.0005993361979878155,0.0005358692182100233
352,352,0xJoshua#0888,0.0,0.6765296278,0.0,0.6765296278,5.843875871732954e-05,0.0,15.0,0.0,15.0,15.6765296278,0.0005971189659823608,0.0005386802072650312
353,353,deepcryptodive,0.0,0.6607142865,0.0,0.6607142865,5.70726265092422e-05,0.0,15.0,0.0,15.0,15.6607142865,0.0005965165596802052,0.000539443933170963
354,354,sknuth#9426,0.0,0.6486415708,0.0,0.6486415708,5.602978301671184e-05,0.0,15.0,0.0,15.0,15.6486415708,0.0005960567099758039,0.000540026926959092
355,355,eduadiez,0.0,0.6166991577,0.0,0.6166991577,5.327059126029108e-05,0.0,15.0,0.0,15.0,15.6166991577,0.0005948400235576932,0.0005415694322974022
356,356,jamiepitts,0.0,0.6166991577,0.0,0.6166991577,5.327059126029108e-05,0.0,15.0,0.0,15.0,15.6166991577,0.0005948400235576932,0.0005415694322974022
357,357,jimbobbins,0.0,0.6166991577,0.0,0.6166991577,5.327059126029108e-05,0.0,15.0,0.0,15.0,15.6166991577,0.0005948400235576932,0.0005415694322974022
358,358,wildpau,0.0,0.6166991577,0.0,0.6166991577,5.327059126029108e-05,0.0,15.0,0.0,15.0,15.6166991577,0.0005948400235576932,0.0005415694322974022
359,359,benjaminaaron,0.0,0.6166991577,0.0,0.6166991577,5.327059126029108e-05,0.0,15.0,0.0,15.0,15.6166991577,0.0005948400235576932,0.0005415694322974022
360,360,dazuck,0.0,0.6166991577,0.0,0.6166991577,5.327059126029108e-05,0.0,15.0,0.0,15.0,15.6166991577,0.0005948400235576932,0.0005415694322974022
361,361,erikbjare,0.0,0.6166991577,0.0,0.6166991577,5.327059126029108e-05,0.0,15.0,0.0,15.0,15.6166991577,0.0005948400235576932,0.0005415694322974022
362,362,Bradym,0.0,0.6166991577,0.0,0.6166991577,5.327059126029108e-05,0.0,15.0,0.0,15.0,15.6166991577,0.0005948400235576932,0.0005415694322974022
363,363,byzzyy,0.0,0.5982966115,0.0,0.5982966115,5.168097579782647e-05,0.0,15.0,0.0,15.0,15.5982966115,0.0005941390706287427,0.0005424580948309162
364,364,ferranrego,0.0,0.5814320575,0.0,0.5814320575,5.0224212395924544e-05,0.0,15.0,0.0,15.0,15.5814320575,0.000593496699818026,0.0005432724874221015
365,365,evaninsky#4772,0.0,0.5814320575,0.0,0.5814320575,5.0224212395924544e-05,0.0,15.0,0.0,15.0,15.5814320575,0.000593496699818026,0.0005432724874221015
366,366,freedumbs,0.0,0.5801899866,0.0,0.5801899866,5.011692207388653e-05,0.0,15.0,0.0,15.0,15.5801899866,0.0005934493893412117,0.0005433324672673252
367,367,sethfork,0.0,0.5691553863,0.0,0.5691553863,4.916375118827306e-05,0.0,15.0,0.0,15.0,15.5691553863,0.0005930290814492482,0.0005438653302609752
368,368,youngkidwarrior,0.0,0.5407604926,0.0,0.5407604926,4.671099483651567e-05,0.0,15.0,0.0,15.0,15.5407604926,0.0005919475200343254,0.0005452365251978098
369,369,a_bornstein,0.0,0.518120929,0.0,0.518120929,4.475538500019796e-05,0.0,15.0,0.0,15.0,15.518120929,0.0005910851791254579,0.0005463297941252599
370,370,yangwao,0.0,0.5134541178,0.0,0.5134541178,4.435226495565092e-05,0.0,15.0,0.0,15.0,15.5134541178,0.0005909074203010024,0.0005465551553453515
371,371,sanolution,0.0,0.5083319774,0.0,0.5083319774,4.39098134876712e-05,0.0,15.0,0.0,15.0,15.5083319774,0.0005907123179886998,0.0005468025045010286
372,372,OddName#8763,0.0,0.4293879318,0.0,0.4293879318,3.709061172116393e-05,0.0,15.0,0.0,15.0,15.429387931800001,0.0005877053395312011,0.0005506147278100372
373,373,cryptainist,0.0,0.4293879318,0.0,0.4293879318,3.709061172116393e-05,0.0,15.0,0.0,15.0,15.429387931800001,0.0005877053395312011,0.0005506147278100372
374,374,nickjplace,0.0,0.4016500617,0.0,0.4016500617,3.4694609193709614e-05,0.0,15.0,0.0,15.0,15.4016500617,0.0005866488041432098,0.0005519541949495001
375,375,lefterisjp,0.0,0.3713641322,0.0,0.3713641322,3.207850480765932e-05,0.0,15.0,0.0,15.0,15.3713641322,0.0005854952131803997,0.0005534167083727404
376,376,irenioskamoska#7519,0.0,0.3713641322,0.0,0.3713641322,3.207850480765932e-05,0.0,15.0,0.0,15.0,15.3713641322,0.0005854952131803997,0.0005534167083727404
377,377,CleanApp,0.0,0.3481247811,0.0,0.3481247811,3.0071085212309845e-05,0.0,15.0,0.0,15.0,15.3481247811,0.0005846100263674761,0.0005545389411551662
378,378,fatrui,0.0,0.2893501542,0.0,0.2893501542,2.4994121692944863e-05,0.0,15.0,0.0,15.0,15.2893501542,0.0005823713010070947,0.0005573771793141499
379,379,kelsiemvn,0.0,0.2705976188,0.0,0.2705976188,2.337427409640657e-05,0.0,15.0,0.0,15.0,15.2705976188,0.0005816570169905775,0.000558282742894171
380,380,mindmonkey#3630,0.0,0.2705976188,0.0,0.2705976188,2.337427409640657e-05,0.0,15.0,0.0,15.0,15.2705976188,0.0005816570169905775,0.000558282742894171
381,381,MonetaryPlurality#6033,0.0,0.2705976188,0.0,0.2705976188,2.337427409640657e-05,0.0,15.0,0.0,15.0,15.2705976188,0.0005816570169905775,0.000558282742894171
382,382,econaut6,0.0,0.207593157,0.0,0.207593157,1.7931936628913017e-05,0.0,15.0,0.0,15.0,15.207593157,0.0005792571772316825,0.0005613252406027695
383,383,scupytrooples,0.0,0.1228147459,0.0,0.1228147459,1.0608761253988996e-05,0.0,15.0,0.0,15.0,15.1228147459,0.0005760279678099819,0.0005654192065559929
384,384,paulsalis,0.0,0.1228147459,0.0,0.1228147459,1.0608761253988996e-05,0.0,15.0,0.0,15.0,15.1228147459,0.0005760279678099819,0.0005654192065559929
385,385,gijsspoor,0.0,0.1138547335,0.0,0.1138547335,9.834793668192923e-06,0.0,15.0,0.0,15.0,15.1138547335,0.000575686680964838,0.000565851887296645
386,386,hubway,0.0,0.1138547335,0.0,0.1138547335,9.834793668192923e-06,0.0,15.0,0.0,15.0,15.1138547335,0.000575686680964838,0.000565851887296645
387,387,marveloushelper,0.0,0.1122849878,0.0,0.1122849878,9.699198734223552e-06,0.0,15.0,0.0,15.0,15.1122849878,0.0005756268893558854,0.0005659276906216618
388,388,denissrgn,0.0,0.08933717579,0.0,0.08933717579,7.716962341260325e-06,0.0,15.0,0.0,15.0,15.08933717579,0.0005747528072660159,0.0005670358449247555
389,391,pimpmypeon,0.0,0.07325914774,0.0,0.07325914774,6.328139201437436e-06,0.0,15.0,0.0,15.0,15.07325914774,0.0005741403952263495,0.000567812256024912
390,392,lescanor,0.0,0.07325914774,0.0,0.07325914774,6.328139201437436e-06,0.0,15.0,0.0,15.0,15.07325914774,0.0005741403952263495,0.000567812256024912
391,389,cryptonian_z,0.0,0.07325914774,0.0,0.07325914774,6.328139201437436e-06,0.0,15.0,0.0,15.0,15.07325914774,0.0005741403952263495,0.000567812256024912
392,390,robinwhitney,0.0,0.07325914774,0.0,0.07325914774,6.328139201437436e-06,0.0,15.0,0.0,15.0,15.07325914774,0.0005741403952263495,0.000567812256024912
393,393,asalemalawi,0.0,0.04831157635,0.0,0.04831157635,4.173163210534405e-06,0.0,15.0,0.0,15.0,15.04831157635,0.0005731901423077602,0.0005690169790972258
394,394,wolfofcurrency,0.0,0.03771202487,0.0,0.03771202487,3.2575719252481507e-06,0.0,15.0,0.0,15.0,15.03771202487,0.0005727864054240312,0.000569528833498783
395,395,llll79,0.0,0.02762116382,0.0,0.02762116382,2.385921416653753e-06,0.0,15.0,0.0,15.0,15.02762116382,0.0005724020445572381,0.0005700161231405843
396,396,burningfiat,0.0,0.02514134991,0.0,0.02514134991,2.1717146165441665e-06,0.0,15.0,0.0,15.0,15.02514134991,0.0005723075884529264,0.0005701358738363823
397,397,immortaz,0.0,0.02514134991,0.0,0.02514134991,2.1717146165441665e-06,0.0,15.0,0.0,15.0,15.02514134991,0.0005723075884529264,0.0005701358738363823
398,406,aaronfoster,0.0,0.0,0.0,0.0,0.0,0.0,15.0,0.0,15.0,15.0,0.0005713499545110981,0.0005713499545110981
399,413,guillaumepalayer,0.0,0.0,0.0,0.0,0.0,0.0,15.0,0.0,15.0,15.0,0.0005713499545110981,0.0005713499545110981
400,412,coopahtroopanew,0.0,0.0,0.0,0.0,0.0,0.0,15.0,0.0,15.0,15.0,0.0005713499545110981,0.0005713499545110981
401,411,jujusca,0.0,0.0,0.0,0.0,0.0,0.0,15.0,0.0,15.0,15.0,0.0005713499545110981,0.0005713499545110981
402,410,banteg,0.0,0.0,0.0,0.0,0.0,0.0,15.0,0.0,15.0,15.0,0.0005713499545110981,0.0005713499545110981
403,409,tomerba,0.0,0.0,0.0,0.0,0.0,0.0,15.0,0.0,15.0,15.0,0.0005713499545110981,0.0005713499545110981
404,408,alanborger,0.0,0.0,0.0,0.0,0.0,0.0,15.0,0.0,15.0,15.0,0.0005713499545110981,0.0005713499545110981
405,407,ajmaq,0.0,0.0,0.0,0.0,0.0,0.0,15.0,0.0,15.0,15.0,0.0005713499545110981,0.0005713499545110981
406,403,rokkranjc,0.0,0.0,0.0,0.0,0.0,0.0,15.0,0.0,15.0,15.0,0.0005713499545110981,0.0005713499545110981
407,405,alesew23,0.0,0.0,0.0,0.0,0.0,0.0,15.0,0.0,15.0,15.0,0.0005713499545110981,0.0005713499545110981
408,404,emilianobonassi,0.0,0.0,0.0,0.0,0.0,0.0,15.0,0.0,15.0,15.0,0.0005713499545110981,0.0005713499545110981
409,402,pet3rpan,0.0,0.0,0.0,0.0,0.0,0.0,15.0,0.0,15.0,15.0,0.0005713499545110981,0.0005713499545110981
410,401,Julian_Richter,0.0,0.0,0.0,0.0,0.0,0.0,15.0,0.0,15.0,15.0,0.0005713499545110981,0.0005713499545110981
411,400,GotStMiklos,0.0,0.0,0.0,0.0,0.0,0.0,15.0,0.0,15.0,15.0,0.0005713499545110981,0.0005713499545110981
412,399,pamplsquared,0.0,0.0,0.0,0.0,0.0,0.0,15.0,0.0,15.0,15.0,0.0005713499545110981,0.0005713499545110981
413,398,zeframl,0.0,0.0,0.0,0.0,0.0,0.0,15.0,0.0,15.0,15.0,0.0005713499545110981,0.0005713499545110981
414,414,emalinus,0.0,0.0,0.0,0.0,0.0,0.0,15.0,0.0,15.0,15.0,0.0005713499545110981,0.0005713499545110981
